,finish
0,1
1,2
2,3
3,4
4,5
5,6
6,7
7,8
9,10
10,11
11,12
12,13
13,14
14,25
15,25
16,25
17,25
18,25
19,25
20,25
21,25
22,25
23,25
24,25
25,25
26,25
27,25
28,25
29,25
31,25
32,25
33,25
34,25
35,1
36,2
37,3
38,4
39,5
40,6
41,7
42,8
43,9
44,10
45,11
47,13
48,14
49,25
50,25
51,25
52,25
53,25
54,25
55,25
56,25
57,25
58,25
59,25
60,25
63,25
65,25
66,25
67,25
69,25
70,1
71,2
72,3
73,4
74,5
75,6
76,7
77,8
78,9
81,12
83,25
84,25
85,25
86,25
87,25
88,25
89,25
90,25
92,25
93,25
94,25
95,25
96,25
98,25
99,25
100,25
101,25
102,25
104,25
105,1
106,2
107,3
109,5
110,6
111,7
112,25
113,25
114,25
115,25
116,25
118,25
120,25
122,25
123,25
124,25
126,25
127,25
128,25
129,25
131,25
133,25
134,25
135,25
137,25
139,25
142,3
143,4
144,5
145,6
146,7
149,10
150,11
151,12
152,13
153,25
154,25
156,25
157,25
158,25
159,25
160,25
161,25
163,25
164,25
165,25
166,25
167,25
168,25
169,25
171,25
172,25
175,1
177,3
178,4
179,5
183,9
185,11
186,12
187,13
189,15
190,16
192,18
193,19
194,20
195,25
197,25
198,25
200,25
201,25
203,25
205,25
206,25
207,25
209,25
212,3
213,4
214,5
215,6
216,7
217,8
218,9
219,10
220,11
222,13
223,14
224,15
225,16
226,17
227,18
228,25
230,25
231,25
232,25
234,25
235,25
237,25
238,25
239,25
240,25
241,25
242,25
243,25
244,25
245,1
246,2
247,3
248,4
249,5
250,6
251,7
252,8
253,9
254,10
255,11
257,13
258,14
259,25
261,25
262,25
263,25
264,25
265,25
266,25
267,25
268,25
269,25
270,25
271,25
272,25
273,25
274,25
275,25
276,25
277,25
278,25
279,25
280,1
282,3
283,4
284,5
285,6
287,8
288,9
289,10
290,11
291,25
292,25
294,25
296,25
298,25
299,25
300,25
301,25
302,25
303,25
305,25
306,25
307,25
308,25
311,25
313,25
314,25
315,1
316,2
317,3
318,4
319,5
320,6
321,7
322,8
324,10
325,11
327,13
328,14
329,15
330,16
331,17
332,25
334,25
335,25
337,25
338,25
340,25
341,25
342,25
343,25
344,25
345,25
346,25
347,25
348,25
349,25
350,1
351,2
352,3
353,4
354,5
355,6
356,7
357,8
358,9
359,10
360,11
362,13
363,14
364,15
366,17
369,25
370,25
371,25
372,25
373,25
374,25
375,25
376,25
377,25
378,25
379,25
380,25
381,25
382,25
383,1
384,2
385,3
387,5
388,6
389,7
390,8
392,10
393,11
394,12
395,13
396,25
397,25
399,25
400,25
401,25
402,25
403,25
404,25
406,25
407,25
409,25
410,25
411,25
412,25
413,25
414,25
415,25
416,1
418,3
419,4
420,5
421,6
423,8
425,10
426,11
427,12
428,13
430,15
431,25
432,25
434,25
435,25
437,25
438,25
439,25
440,25
443,25
444,25
445,25
447,25
448,25
449,1
450,2
451,3
452,4
453,5
454,6
455,7
456,8
457,9
459,25
460,25
461,25
462,25
463,25
464,25
465,25
466,25
467,25
468,25
470,25
472,25
473,25
474,25
475,25
476,25
478,25
479,25
480,25
481,25
482,1
483,2
484,3
485,4
486,5
487,6
488,7
490,9
491,10
492,25
493,25
494,25
495,25
496,25
497,25
499,25
500,25
501,25
502,25
503,25
504,25
506,25
507,25
509,25
510,25
511,25
512,1
513,2
515,4
516,5
517,6
518,7
519,8
520,9
521,10
522,11
523,12
524,13
525,25
526,25
528,25
529,25
530,25
531,25
532,25
533,25
534,25
535,25
536,25
537,25
538,25
539,25
540,25
541,25
543,2
544,3
546,5
547,6
548,7
549,8
550,9
551,10
552,11
553,12
554,13
555,25
556,25
557,25
558,25
559,25
560,25
561,25
562,25
563,25
564,25
565,25
566,25
567,25
568,25
569,25
571,25
572,25
574,25
575,25
576,1
577,2
578,3
581,6
583,8
584,9
585,10
586,11
587,12
588,13
589,25
590,25
591,25
594,25
595,25
597,25
598,25
599,25
600,25
601,25
602,25
603,25
605,25
607,25
608,25
609,25
611,2
612,3
613,4
614,5
616,7
617,8
618,9
621,12
622,13
623,25
624,25
625,25
626,25
627,25
628,25
629,25
630,25
631,25
632,25
633,25
634,25
635,25
636,25
637,25
640,25
641,25
642,25
643,25
644,1
646,3
647,4
648,5
650,7
651,8
652,9
653,10
654,11
655,12
657,25
658,25
659,25
660,25
662,25
663,25
664,25
665,25
666,25
669,25
671,25
673,25
674,25
675,25
676,25
678,1
679,2
680,3
681,4
682,5
683,6
684,7
685,8
687,10
688,25
689,25
690,25
691,25
692,25
693,25
694,25
695,25
696,25
697,25
698,25
699,25
702,25
703,25
705,25
706,25
707,25
708,25
709,25
710,25
713,2
714,3
715,4
716,5
717,6
718,7
719,8
720,9
721,10
722,11
723,12
724,25
725,25
726,25
727,25
728,25
731,25
732,25
736,25
737,25
739,25
741,25
742,25
743,25
744,25
745,25
746,1
747,2
749,4
750,5
751,6
752,7
753,8
754,9
755,10
756,11
757,12
758,25
759,25
760,25
761,25
763,25
764,25
765,25
766,25
767,25
768,25
769,25
770,25
771,25
772,25
773,25
774,25
775,25
776,25
777,25
778,25
779,25
780,1
781,2
782,3
783,4
784,5
786,7
787,8
788,9
791,12
794,25
795,25
798,25
799,25
801,25
802,25
804,25
805,25
807,25
808,25
810,25
811,25
812,25
813,25
814,1
815,2
817,4
818,5
819,6
820,7
821,8
822,9
825,12
826,13
827,25
828,25
830,25
832,25
833,25
834,25
835,25
836,25
837,25
838,25
839,25
840,25
841,25
842,25
843,25
844,25
845,25
847,25
849,2
850,3
851,4
852,5
853,6
854,7
855,8
856,9
857,10
858,11
859,12
860,13
861,14
862,15
864,17
866,25
867,25
868,25
869,25
871,25
872,25
873,25
874,25
875,25
876,25
877,25
878,25
879,25
881,25
882,1
884,3
885,4
886,5
887,6
888,7
889,8
890,9
892,11
893,12
894,13
895,25
897,25
898,25
900,25
901,25
902,25
904,25
906,25
907,25
908,25
909,25
910,25
912,25
914,25
915,25
916,1
917,2
918,3
919,4
920,5
922,7
923,8
924,9
925,10
927,12
928,13
930,15
931,16
932,25
933,25
934,25
935,25
936,25
937,25
938,25
939,25
940,25
941,25
942,25
944,25
945,25
946,25
949,25
950,1
951,2
952,3
954,5
955,6
956,7
957,8
958,9
959,10
960,11
961,12
962,13
963,14
964,15
966,17
967,25
968,25
969,25
970,25
971,25
972,25
973,25
975,25
976,25
977,25
980,25
982,25
985,2
986,3
987,4
988,5
989,6
990,7
991,8
992,9
993,10
994,11
995,12
996,13
997,14
998,15
1000,17
1001,25
1002,25
1004,25
1005,25
1006,25
1007,25
1009,25
1010,25
1012,25
1014,25
1015,25
1016,25
1017,1
1018,2
1019,3
1020,4
1021,5
1022,6
1023,7
1024,8
1025,9
1026,10
1029,25
1030,25
1031,25
1032,25
1033,25
1034,25
1035,25
1036,25
1037,25
1038,25
1040,25
1041,25
1043,25
1045,25
1047,25
1048,25
1050,2
1051,3
1052,4
1053,5
1054,6
1055,7
1056,8
1057,9
1058,10
1059,11
1060,12
1061,13
1062,14
1064,16
1065,17
1066,18
1067,19
1068,20
1069,25
1070,25
1071,25
1072,25
1073,25
1075,25
1077,25
1078,25
1080,25
1081,1
1082,2
1084,4
1085,5
1087,7
1088,8
1089,9
1090,10
1091,11
1092,12
1093,13
1094,25
1095,25
1098,25
1100,25
1101,25
1103,25
1104,25
1107,25
1108,25
1109,25
1111,1
1112,2
1113,3
1114,4
1116,6
1117,7
1118,8
1119,9
1120,10
1121,11
1122,12
1124,25
1125,25
1127,25
1128,25
1131,25
1132,25
1134,25
1136,25
1137,25
1140,25
1141,1
1142,2
1143,3
1144,4
1145,5
1146,6
1147,7
1148,8
1149,9
1150,10
1152,25
1153,25
1154,25
1155,25
1156,25
1157,25
1160,25
1161,25
1163,25
1164,25
1165,25
1166,25
1167,25
1168,25
1169,25
1170,25
1171,1
1172,2
1173,3
1174,4
1177,7
1178,8
1179,9
1180,10
1181,11
1182,12
1183,25
1184,25
1185,25
1186,25
1187,25
1188,25
1189,25
1191,25
1192,25
1195,25
1196,25
1198,25
1199,25
1200,25
1201,25
1202,25
1203,1
1204,2
1205,3
1206,4
1207,5
1210,8
1211,9
1212,10
1213,11
1215,13
1216,14
1217,25
1218,25
1219,25
1220,25
1221,25
1222,25
1223,25
1224,25
1225,25
1228,25
1229,25
1230,25
1231,25
1232,25
1233,25
1234,25
1235,1
1236,2
1237,3
1238,4
1240,6
1241,7
1242,8
1243,9
1244,10
1245,11
1246,12
1247,25
1248,25
1249,25
1250,25
1251,25
1252,25
1253,25
1254,25
1255,25
1258,25
1259,25
1260,25
1261,25
1262,25
1263,25
1265,25
1266,25
1267,1
1268,2
1270,4
1272,6
1273,7
1274,8
1275,9
1276,10
1278,12
1279,13
1281,25
1282,25
1286,25
1287,25
1289,25
1290,25
1291,25
1292,25
1293,25
1294,25
1296,25
1298,1
1301,4
1302,5
1303,6
1304,7
1305,8
1306,9
1307,10
1308,11
1310,25
1312,25
1313,25
1314,25
1316,25
1318,25
1320,25
1321,25
1323,25
1324,25
1325,25
1326,25
1327,25
1328,1
1329,2
1330,3
1331,4
1333,6
1335,8
1336,9
1337,10
1338,11
1339,12
1340,13
1341,14
1342,15
1344,17
1346,25
1348,25
1349,25
1350,25
1351,25
1352,25
1354,25
1355,25
1356,25
1358,25
1360,1
1361,2
1362,3
1363,4
1364,5
1365,6
1367,8
1369,10
1371,12
1373,14
1374,15
1375,16
1376,25
1377,25
1378,25
1379,25
1380,25
1382,25
1383,25
1384,25
1386,25
1387,25
1388,25
1389,25
1392,1
1393,2
1394,3
1395,4
1396,5
1397,6
1398,7
1399,8
1400,9
1401,10
1402,11
1403,25
1404,25
1405,25
1406,25
1407,25
1408,25
1409,25
1410,25
1411,25
1412,25
1413,25
1414,25
1415,25
1416,25
1417,25
1418,25
1419,25
1421,25
1422,25
1423,1
1424,2
1425,3
1426,4
1427,5
1428,6
1429,7
1431,9
1432,10
1433,11
1434,12
1435,13
1436,14
1437,15
1439,17
1440,18
1441,25
1442,25
1443,25
1444,25
1446,25
1447,25
1448,25
1449,25
1450,25
1451,25
1452,25
1453,1
1454,2
1455,3
1456,4
1457,5
1458,6
1459,7
1461,9
1462,10
1464,25
1465,25
1466,25
1467,25
1468,25
1469,25
1470,25
1471,25
1472,25
1473,25
1475,25
1476,25
1477,25
1479,25
1481,1
1482,2
1483,3
1484,4
1485,5
1486,6
1487,7
1488,8
1489,9
1490,10
1491,11
1494,14
1495,25
1496,25
1497,25
1498,25
1499,25
1500,25
1501,25
1504,25
1505,25
1506,25
1507,1
1508,2
1509,3
1510,4
1511,5
1512,6
1513,7
1514,8
1516,10
1517,11
1518,12
1519,13
1520,14
1521,15
1522,25
1523,25
1524,25
1525,25
1526,25
1527,25
1528,25
1529,25
1531,25
1532,25
1534,2
1535,3
1536,4
1537,5
1538,6
1539,7
1540,8
1541,9
1542,10
1543,11
1544,12
1546,25
1547,25
1549,25
1550,25
1551,25
1552,25
1553,25
1554,25
1555,25
1556,25
1557,25
1558,25
1559,1
1560,2
1561,3
1562,4
1563,5
1566,25
1567,25
1568,25
1570,25
1572,25
1573,25
1574,25
1575,25
1576,25
1578,25
1579,25
1583,25
1584,25
1585,1
1586,2
1587,3
1588,4
1589,5
1590,6
1593,9
1596,12
1597,25
1598,25
1599,25
1600,25
1601,25
1602,25
1603,25
1604,25
1605,25
1606,25
1607,25
1608,25
1609,25
1610,25
1612,2
1613,3
1614,4
1615,5
1616,6
1617,7
1618,8
1619,9
1620,10
1621,11
1622,25
1623,25
1624,25
1626,25
1627,25
1628,25
1629,25
1630,25
1631,25
1632,25
1633,25
1634,25
1635,25
1636,25
1637,1
1638,2
1639,3
1640,4
1641,5
1642,6
1643,7
1644,8
1645,9
1646,25
1647,25
1648,25
1649,25
1650,25
1651,25
1652,25
1656,25
1659,25
1661,25
1662,25
1663,1
1664,2
1665,3
1666,4
1667,5
1668,6
1669,7
1670,8
1671,9
1672,10
1673,11
1675,13
1676,14
1677,25
1678,25
1680,25
1683,25
1684,25
1685,25
1686,25
1687,25
1689,1
1690,2
1691,3
1693,5
1694,6
1695,7
1696,8
1697,9
1698,10
1700,12
1701,13
1702,14
1703,25
1704,25
1705,25
1707,25
1709,25
1710,25
1711,25
1714,25
1715,1
1716,2
1719,5
1720,6
1722,8
1724,10
1725,11
1727,13
1728,14
1729,15
1730,16
1731,17
1732,18
1734,25
1735,25
1736,25
1737,25
1739,25
1740,25
1741,1
1742,2
1743,3
1744,4
1745,5
1746,6
1747,7
1750,10
1751,11
1753,13
1756,16
1757,25
1759,25
1760,25
1761,25
1762,25
1765,25
1766,25
1767,1
1768,2
1769,3
1770,4
1772,6
1773,7
1775,9
1776,10
1777,11
1778,12
1779,13
1780,14
1781,25
1782,25
1783,25
1784,25
1785,25
1786,25
1787,25
1789,25
1791,25
1794,2
1795,3
1796,4
1798,6
1799,7
1800,8
1801,9
1802,10
1803,11
1804,12
1805,13
1806,14
1809,17
1810,25
1811,25
1812,25
1813,25
1815,25
1817,25
1818,25
1819,1
1820,2
1822,4
1823,5
1825,7
1826,8
1827,9
1828,10
1829,11
1830,12
1831,25
1832,25
1834,25
1835,25
1836,25
1837,25
1838,25
1841,25
1842,25
1843,25
1845,1
1846,2
1847,3
1848,4
1850,6
1852,8
1853,9
1854,10
1855,11
1857,13
1858,14
1860,25
1861,25
1862,25
1863,25
1864,25
1866,25
1869,25
1870,25
1871,1
1872,2
1873,3
1874,4
1875,5
1876,6
1877,7
1879,9
1880,10
1882,12
1883,13
1884,14
1885,25
1886,25
1887,25
1888,25
1889,25
1890,25
1891,25
1892,25
1893,25
1894,25
1895,25
1896,25
1897,1
1898,2
1899,3
1900,4
1902,6
1904,8
1905,9
1907,11
1908,12
1909,13
1910,14
1912,16
1914,25
1915,25
1917,25
1918,25
1919,25
1921,25
1922,25
1923,1
1925,3
1926,4
1927,5
1928,6
1929,7
1930,8
1931,9
1932,10
1934,12
1936,14
1937,25
1938,25
1939,25
1940,25
1941,25
1942,25
1944,25
1945,25
1946,25
1947,1
1948,2
1949,3
1951,5
1952,6
1953,7
1954,8
1956,10
1957,11
1958,12
1959,13
1960,14
1961,15
1962,25
1963,25
1964,25
1965,25
1966,25
1967,25
1968,25
1969,25
1971,1
1972,2
1973,3
1975,5
1976,6
1977,7
1978,8
1979,9
1980,10
1981,11
1982,12
1984,25
1986,25
1988,25
1989,25
1990,25
1991,25
1992,25
1994,25
1995,25
1996,25
1997,25
2000,2
2002,4
2003,5
2004,6
2005,7
2006,8
2007,9
2009,11
2010,25
2011,25
2012,25
2013,25
2014,25
2015,25
2016,25
2017,25
2019,25
2020,25
2022,25
2023,25
2024,25
2025,25
2027,1
2028,2
2029,3
2030,4
2031,5
2032,6
2033,7
2034,8
2035,9
2036,10
2037,11
2038,12
2039,13
2040,25
2041,25
2042,25
2043,25
2045,25
2046,25
2047,25
2048,25
2050,25
2052,25
2053,25
2054,25
2055,1
2056,2
2059,5
2060,6
2062,8
2064,10
2065,11
2068,25
2069,25
2071,25
2072,25
2073,25
2075,25
2076,25
2077,25
2078,25
2079,25
2080,25
2082,2
2084,4
2085,5
2086,6
2087,7
2088,8
2089,9
2090,10
2091,11
2092,25
2093,25
2094,25
2095,25
2096,25
2097,25
2098,25
2100,25
2103,25
2104,25
2105,25
2106,25
2107,25
2108,1
2109,2
2110,3
2111,4
2112,5
2114,7
2116,9
2117,10
2118,11
2119,12
2120,13
2121,14
2122,15
2123,25
2127,25
2129,25
2130,25
2131,25
2132,25
2133,25
2134,25
2135,1
2136,2
2137,3
2139,5
2141,7
2143,9
2144,10
2145,11
2146,25
2147,25
2148,25
2149,25
2150,25
2151,25
2153,25
2154,25
2155,25
2156,25
2158,25
2160,25
2163,1
2164,2
2165,3
2167,5
2168,6
2169,7
2171,9
2172,10
2173,11
2174,12
2176,14
2177,15
2178,16
2179,25
2180,25
2181,25
2182,25
2183,25
2184,25
2185,25
2186,25
2189,25
2190,25
2191,1
2192,2
2193,3
2196,6
2198,8
2199,25
2200,25
2202,25
2203,25
2204,25
2205,25
2206,25
2207,25
2208,25
2210,25
2211,25
2213,25
2214,25
2215,25
2216,25
2217,25
2218,25
2220,2
2221,3
2222,4
2223,5
2225,7
2226,8
2227,9
2228,10
2229,11
2230,12
2231,13
2233,25
2234,25
2235,25
2236,25
2237,25
2238,25
2239,25
2240,25
2241,25
2242,25
2243,25
2244,25
2245,25
2246,25
2248,2
2249,3
2250,4
2251,5
2253,7
2255,9
2257,11
2259,13
2261,25
2262,25
2263,25
2264,25
2265,25
2266,25
2267,25
2268,25
2269,25
2270,25
2271,25
2272,25
2273,25
2274,25
2275,1
2276,2
2277,3
2278,4
2279,5
2280,6
2281,7
2283,9
2284,10
2285,25
2288,25
2290,25
2291,25
2292,25
2294,25
2295,25
2296,25
2297,25
2298,25
2299,25
2302,25
2303,1
2304,2
2305,3
2306,4
2307,5
2308,6
2309,7
2310,8
2311,9
2313,11
2314,12
2315,13
2318,16
2320,25
2321,25
2322,25
2323,25
2324,25
2325,25
2326,25
2328,25
2329,25
2330,25
2331,1
2332,2
2333,3
2334,4
2335,5
2336,6
2337,7
2338,8
2339,9
2340,10
2341,11
2342,12
2344,14
2345,15
2346,16
2347,17
2349,19
2350,25
2351,25
2352,25
2353,25
2356,25
2358,25
2359,1
2360,2
2361,3
2362,4
2363,5
2364,6
2365,7
2366,8
2367,9
2368,10
2369,11
2370,12
2371,13
2372,25
2373,25
2374,25
2375,25
2376,25
2377,25
2378,25
2380,25
2382,25
2383,25
2385,25
2386,25
2387,1
2388,2
2389,3
2390,4
2392,6
2394,8
2395,9
2396,10
2399,25
2400,25
2401,25
2402,25
2403,25
2404,25
2406,25
2407,25
2408,25
2409,25
2410,25
2411,25
2412,25
2413,25
2414,25
2415,1
2416,2
2417,3
2418,4
2420,6
2421,7
2422,8
2423,9
2424,10
2427,25
2430,25
2431,25
2434,25
2435,25
2436,25
2437,25
2438,25
2439,25
2440,25
2441,1
2442,2
2444,4
2445,5
2446,6
2447,7
2448,8
2449,9
2450,25
2452,25
2455,25
2456,25
2458,25
2459,25
2460,25
2461,25
2462,25
2464,25
2465,25
2466,25
2467,1
2468,2
2469,3
2470,4
2471,5
2472,6
2473,7
2474,8
2475,9
2476,10
2477,11
2478,12
2479,13
2481,25
2483,25
2484,25
2485,25
2487,25
2488,25
2489,25
2491,25
2492,25
2494,2
2496,4
2498,6
2500,8
2501,9
2502,10
2503,11
2504,12
2505,13
2506,14
2507,15
2508,25
2509,25
2510,25
2511,25
2512,25
2513,25
2514,25
2515,25
2518,25
2519,1
2520,2
2521,3
2522,4
2523,5
2524,6
2525,7
2526,8
2527,9
2529,25
2530,25
2531,25
2532,25
2533,25
2536,25
2537,25
2539,25
2540,25
2541,25
2542,25
2543,25
2544,25
2545,1
2546,2
2548,4
2549,5
2551,7
2552,8
2553,9
2554,10
2556,25
2557,25
2558,25
2560,25
2562,25
2564,25
2565,25
2566,25
2567,25
2568,25
2569,1
2570,2
2571,3
2573,5
2574,6
2575,7
2576,8
2578,10
2580,12
2581,13
2582,14
2584,16
2585,25
2586,25
2587,25
2588,25
2589,25
2590,25
2591,25
2592,25
2593,1
2594,2
2595,3
2596,4
2597,5
2598,6
2599,7
2600,8
2601,9
2603,11
2604,12
2605,25
2606,25
2607,25
2608,25
2611,25
2613,25
2614,25
2615,25
2617,1
2619,3
2620,4
2621,5
2622,6
2624,8
2625,9
2626,25
2627,25
2628,25
2630,25
2632,25
2634,25
2635,25
2636,25
2637,25
2638,25
2639,25
2640,25
2641,1
2642,2
2643,3
2644,4
2646,6
2647,7
2648,8
2650,10
2651,11
2652,12
2653,25
2655,25
2656,25
2657,25
2658,25
2659,25
2660,25
2661,25
2662,25
2663,25
2665,1
2666,2
2668,4
2669,5
2670,6
2671,7
2672,8
2673,9
2676,12
2677,13
2678,14
2679,25
2680,25
2681,25
2682,25
2683,25
2684,25
2685,25
2686,25
2690,2
2691,3
2692,4
2693,5
2695,7
2696,8
2697,9
2698,10
2699,25
2700,25
2701,25
2702,25
2704,25
2705,25
2707,25
2708,25
2710,25
2711,25
2713,1
2714,2
2715,3
2716,4
2717,5
2718,6
2719,7
2720,8
2721,9
2723,11
2724,12
2726,14
2727,15
2729,17
2730,25
2731,25
2732,25
2733,25
2734,25
2735,25
2736,25
2737,1
2738,2
2740,4
2741,5
2742,6
2743,7
2744,8
2745,9
2748,12
2749,13
2750,14
2752,25
2753,25
2754,25
2755,25
2756,25
2757,25
2759,25
2760,25
2761,1
2762,2
2763,3
2765,5
2767,7
2769,9
2770,10
2771,11
2773,13
2774,14
2775,15
2776,16
2777,17
2778,25
2779,25
2781,25
2783,25
2784,25
2785,1
2788,4
2789,5
2790,6
2792,8
2793,9
2794,10
2795,11
2796,12
2798,25
2799,25
2800,25
2802,25
2803,25
2804,25
2805,25
2806,25
2807,25
2809,1
2811,3
2812,4
2813,5
2814,6
2815,7
2816,8
2817,25
2819,25
2820,25
2821,25
2822,25
2823,25
2824,25
2825,25
2826,25
2827,25
2828,25
2829,25
2830,25
2831,25
2833,1
2834,2
2837,5
2838,6
2839,7
2841,9
2842,10
2843,11
2844,25
2845,25
2846,25
2847,25
2848,25
2850,25
2851,25
2852,25
2854,25
2855,1
2856,2
2859,5
2860,6
2861,7
2862,8
2863,9
2864,10
2865,11
2866,12
2867,25
2868,25
2872,25
2873,25
2874,25
2876,25
2877,1
2879,3
2881,5
2882,6
2883,7
2884,8
2885,9
2886,10
2887,25
2888,25
2889,25
2890,25
2891,25
2892,25
2893,25
2894,25
2895,25
2896,25
2897,25
2898,25
2899,1
2900,2
2901,3
2903,5
2905,7
2906,8
2908,10
2910,12
2911,13
2912,25
2913,25
2914,25
2915,25
2917,25
2918,25
2920,25
2921,1
2922,2
2924,4
2925,5
2926,6
2928,8
2931,11
2932,25
2934,25
2935,25
2936,25
2937,25
2938,25
2939,25
2942,25
2943,1
2944,2
2946,4
2947,5
2949,7
2950,25
2951,25
2952,25
2956,25
2957,25
2958,25
2960,25
2961,25
2962,25
2963,25
2965,1
2966,2
2967,3
2969,5
2970,6
2971,25
2974,25
2975,25
2976,25
2977,25
2978,25
2982,25
2983,25
2984,25
2985,25
2986,25
2989,3
2990,4
2992,6
2993,7
2995,25
2996,25
2998,25
2999,25
3000,25
3001,25
3002,25
3003,25
3004,25
3005,25
3006,25
3007,25
3008,25
3010,2
3011,3
3013,5
3014,6
3015,7
3016,8
3018,10
3020,12
3021,25
3024,25
3025,25
3026,25
3028,25
3029,25
3030,25
3031,1
3032,2
3033,3
3034,4
3035,5
3036,6
3037,7
3038,8
3042,25
3043,25
3044,25
3045,25
3046,25
3048,25
3049,25
3050,25
3051,25
3052,25
3053,1
3054,2
3055,3
3057,5
3058,6
3059,7
3060,8
3061,9
3062,10
3063,11
3064,12
3065,13
3066,25
3067,25
3068,25
3069,25
3070,25
3071,25
3072,25
3073,1
3074,2
3077,5
3078,6
3079,7
3080,8
3081,9
3084,25
3086,25
3087,25
3088,25
3089,25
3090,25
3091,25
3092,25
3093,1
3094,2
3095,3
3096,4
3097,5
3098,6
3099,7
3101,9
3102,10
3103,25
3104,25
3105,25
3107,25
3108,25
3109,25
3110,25
3113,1
3114,2
3115,3
3116,4
3117,5
3118,6
3119,7
3120,8
3121,9
3122,10
3123,25
3127,25
3129,25
3130,25
3132,25
3133,1
3134,2
3136,4
3137,5
3138,6
3139,7
3140,8
3141,9
3143,11
3145,13
3146,14
3148,16
3149,25
3151,25
3152,25
3155,3
3156,4
3157,5
3158,6
3161,9
3162,10
3163,11
3165,13
3166,25
3169,25
3170,25
3171,25
3172,25
3173,1
3174,2
3175,3
3176,4
3177,5
3178,6
3179,7
3180,8
3181,9
3182,10
3183,25
3184,25
3185,25
3186,25
3187,25
3188,25
3189,25
3190,25
3191,25
3192,25
3193,25
3194,25
3196,25
3197,1
3199,3
3200,4
3201,5
3202,6
3203,7
3205,9
3206,10
3209,13
3210,14
3211,15
3213,17
3214,18
3215,25
3217,25
3218,25
3219,1
3220,2
3221,3
3222,4
3223,5
3224,6
3225,7
3226,8
3227,9
3228,10
3230,25
3232,25
3233,25
3234,25
3235,25
3236,25
3237,25
3238,25
3239,25
3240,25
3241,1
3242,2
3243,3
3244,4
3245,5
3246,6
3247,7
3248,8
3250,10
3252,25
3253,25
3254,25
3255,25
3256,25
3257,25
3258,25
3259,25
3260,25
3261,25
3262,25
3263,1
3264,2
3265,3
3267,5
3269,7
3270,8
3271,9
3272,10
3273,25
3274,25
3275,25
3279,25
3280,25
3282,25
3283,25
3284,25
3285,1
3286,2
3287,3
3288,4
3289,5
3290,6
3291,7
3292,8
3294,10
3295,11
3296,12
3298,14
3300,25
3301,25
3302,25
3304,25
3305,25
3306,25
3307,1
3308,2
3309,3
3310,4
3311,5
3312,6
3313,7
3314,8
3315,9
3316,10
3318,25
3319,25
3320,25
3321,25
3322,25
3323,25
3328,25
3329,1
3330,2
3331,3
3332,4
3333,5
3336,8
3337,9
3338,10
3339,11
3340,12
3342,25
3344,25
3345,25
3346,25
3348,25
3349,25
3350,25
3351,1
3352,2
3353,3
3354,4
3355,5
3356,6
3357,7
3358,8
3359,9
3360,10
3361,11
3362,25
3364,25
3365,25
3368,25
3369,25
3370,25
3371,25
3372,25
3375,3
3377,5
3378,6
3379,7
3381,9
3383,11
3384,25
3385,25
3386,25
3387,25
3388,25
3389,25
3390,25
3392,25
3393,25
3394,25
3397,3
3398,4
3399,5
3400,6
3401,7
3402,8
3403,9
3404,10
3405,11
3406,12
3407,13
3408,25
3409,25
3410,25
3412,25
3413,25
3414,25
3416,25
3417,1
3418,2
3419,3
3420,4
3421,5
3423,7
3426,10
3427,11
3428,12
3430,14
3431,15
3432,25
3433,25
3434,25
3435,25
3436,25
3437,25
3438,25
3439,1
3440,2
3441,3
3442,4
3443,5
3445,7
3446,8
3447,9
3448,10
3451,13
3452,14
3454,25
3455,25
3456,25
3457,25
3458,25
3459,25
3460,25
3462,2
3463,3
3464,4
3466,6
3467,7
3468,8
3469,9
3470,10
3472,12
3473,13
3475,25
3476,25
3477,25
3478,25
3479,25
3480,25
3481,25
3482,25
3483,1
3484,2
3485,3
3486,4
3490,8
3491,9
3492,10
3495,25
3496,25
3499,25
3500,25
3501,25
3503,25
3504,25
3505,1
3506,2
3508,4
3509,5
3510,6
3511,7
3512,8
3513,9
3515,11
3517,13
3518,25
3520,25
3522,25
3523,25
3524,25
3525,25
3526,25
3527,1
3528,2
3529,3
3530,4
3532,6
3533,7
3534,8
3535,9
3537,11
3538,12
3539,13
3540,14
3542,16
3543,17
3545,25
3546,25
3547,25
3548,25
3549,1
3550,2
3551,3
3553,5
3554,6
3555,7
3557,9
3558,25
3559,25
3560,25
3561,25
3562,25
3564,25
3565,25
3566,25
3567,25
3568,25
3569,25
3572,2
3573,3
3574,4
3575,5
3576,6
3577,7
3579,9
3580,10
3581,11
3582,25
3584,25
3585,25
3586,25
3587,25
3590,25
3592,25
3594,2
3595,3
3596,4
3597,5
3599,7
3600,8
3601,9
3602,10
3603,11
3604,12
3605,13
3606,14
3607,15
3610,25
3611,25
3612,25
3613,25
3614,25
3615,1
3616,2
3617,3
3618,4
3619,5
3621,7
3624,10
3625,11
3626,25
3627,25
3628,25
3629,25
3630,25
3631,25
3633,25
3634,25
3635,25
3636,25
3637,1
3640,4
3641,5
3642,6
3643,7
3644,8
3645,9
3647,11
3648,12
3649,13
3650,14
3651,15
3652,16
3653,25
3655,25
3656,25
3657,25
3658,1
3659,2
3663,6
3664,7
3665,8
3666,9
3667,10
3668,11
3669,12
3670,25
3672,25
3673,25
3675,25
3676,25
3677,25
3678,25
3679,25
3680,1
3681,2
3682,3
3683,4
3684,5
3685,6
3686,7
3687,8
3688,9
3689,10
3690,25
3692,25
3694,25
3695,25
3696,25
3698,25
3699,25
3700,25
3701,25
3702,1
3703,2
3705,4
3706,5
3707,6
3708,7
3709,8
3710,9
3711,10
3712,11
3713,12
3715,14
3716,15
3717,16
3718,17
3719,25
3721,25
3724,1
3725,2
3726,3
3728,5
3729,6
3730,7
3731,8
3732,9
3733,25
3734,25
3736,25
3737,25
3738,25
3739,25
3740,25
3741,25
3742,25
3744,25
3745,25
3746,1
3747,2
3748,3
3749,4
3751,6
3752,7
3753,8
3754,9
3756,11
3757,12
3759,25
3760,25
3761,25
3762,25
3764,25
3765,25
3766,25
3767,25
3768,1
3769,2
3770,3
3771,4
3772,5
3774,7
3775,8
3776,9
3777,10
3778,11
3779,12
3780,13
3781,14
3783,16
3784,25
3785,25
3787,25
3788,25
3789,1
3790,2
3791,3
3792,4
3793,5
3794,6
3796,8
3797,9
3798,10
3800,12
3801,13
3802,14
3803,15
3804,25
3805,25
3806,25
3807,25
3809,25
3811,2
3813,4
3814,5
3815,6
3816,7
3817,8
3818,25
3819,25
3821,25
3822,25
3823,25
3824,25
3826,25
3827,25
3828,25
3829,25
3830,25
3831,25
3832,1
3833,2
3834,3
3835,4
3837,6
3838,7
3839,8
3843,12
3844,13
3845,25
3846,25
3847,25
3848,25
3849,25
3850,25
3851,25
3852,25
3853,25
3854,1
3855,2
3856,3
3857,4
3858,5
3860,7
3862,9
3863,10
3864,11
3865,12
3867,14
3868,15
3870,25
3872,25
3875,25
3876,1
3877,2
3878,3
3879,4
3880,5
3881,6
3882,7
3883,8
3884,9
3885,10
3886,11
3887,12
3888,25
3889,25
3890,25
3891,25
3892,25
3893,25
3894,25
3895,25
3896,25
3897,25
3898,1
3899,2
3900,3
3901,4
3902,5
3903,6
3905,8
3906,25
3907,25
3908,25
3909,25
3912,25
3913,25
3914,25
3915,25
3917,25
3919,25
3920,1
3921,2
3922,3
3923,4
3924,5
3925,6
3926,7
3928,9
3929,25
3930,25
3932,25
3933,25
3934,25
3935,25
3936,25
3938,25
3939,25
3942,1
3943,2
3944,3
3947,6
3949,8
3950,9
3951,10
3952,11
3953,25
3955,25
3956,25
3957,25
3958,25
3960,25
3963,25
3964,1
3966,3
3967,4
3969,6
3970,7
3971,8
3973,25
3974,25
3975,25
3976,25
3977,25
3978,25
3980,25
3981,25
3982,25
3983,25
3985,25
3987,2
3988,3
3991,6
3992,7
3993,8
3994,9
3995,10
3996,11
3999,25
4000,25
4001,25
4003,25
4004,25
4005,25
4006,25
4008,1
4009,2
4012,5
4013,6
4015,8
4016,9
4019,25
4020,25
4021,25
4023,25
4024,25
4025,25
4026,25
4027,25
4028,25
4029,25
4030,1
4031,2
4032,3
4033,4
4034,5
4036,7
4037,8
4040,11
4042,25
4043,25
4045,25
4046,25
4049,25
4050,25
4051,25
4052,1
4053,2
4055,4
4056,5
4057,6
4058,7
4059,8
4060,9
4061,10
4062,11
4065,14
4066,15
4067,16
4068,25
4071,25
4072,25
4073,25
4075,2
4076,3
4077,4
4078,5
4079,6
4081,8
4082,9
4083,10
4085,12
4086,13
4087,14
4088,15
4090,25
4091,25
4092,25
4093,25
4095,25
4096,1
4097,2
4098,3
4099,4
4100,5
4102,7
4103,8
4104,9
4105,10
4109,25
4111,25
4112,25
4113,25
4114,25
4115,25
4117,25
4118,1
4119,2
4120,3
4121,4
4122,5
4123,6
4124,7
4125,8
4126,9
4127,10
4128,11
4129,12
4131,14
4132,15
4133,16
4135,25
4136,25
4137,25
4138,25
4139,25
4140,1
4141,2
4143,4
4144,5
4145,6
4147,8
4149,10
4150,11
4151,12
4152,13
4153,14
4155,16
4158,25
4159,25
4161,25
4162,1
4163,2
4164,3
4165,4
4166,5
4167,6
4168,7
4169,8
4170,9
4172,11
4173,25
4175,25
4176,25
4177,25
4178,25
4181,25
4182,25
4185,2
4186,3
4187,4
4188,5
4189,6
4190,7
4191,8
4192,9
4193,10
4194,25
4195,25
4197,25
4198,25
4199,25
4200,25
4201,25
4202,25
4203,25
4204,25
4205,25
4206,1
4207,2
4208,3
4210,5
4211,6
4212,7
4213,8
4214,9
4215,10
4218,25
4220,25
4221,25
4222,25
4223,25
4224,25
4225,25
4227,25
4229,2
4230,3
4231,4
4232,5
4233,6
4234,7
4236,9
4237,10
4239,12
4240,13
4241,14
4242,25
4243,25
4244,25
4245,25
4246,25
4247,25
4248,25
4249,25
4250,1
4252,3
4253,4
4254,5
4255,6
4256,7
4258,9
4260,25
4261,25
4262,25
4263,25
4264,25
4265,25
4269,25
4270,25
4271,25
4272,1
4273,2
4274,3
4276,5
4279,8
4280,9
4281,10
4282,25
4283,25
4284,25
4285,25
4286,25
4287,25
4288,25
4289,25
4290,25
4291,25
4292,25
4293,25
4294,1
4295,2
4297,4
4299,6
4300,7
4301,8
4304,11
4305,12
4306,13
4308,15
4309,25
4310,25
4311,25
4313,25
4314,25
4315,25
4316,1
4317,2
4319,4
4322,7
4323,8
4324,9
4325,10
4326,11
4327,12
4328,13
4329,14
4330,15
4331,16
4332,17
4334,25
4336,25
4337,25
4338,1
4339,2
4340,3
4341,4
4342,5
4343,6
4345,8
4348,11
4350,13
4351,14
4352,15
4353,16
4354,17
4355,25
4356,25
4357,25
4358,25
4359,25
4360,1
4361,2
4362,3
4363,4
4364,5
4365,6
4366,7
4367,8
4368,9
4369,10
4370,11
4371,12
4373,25
4374,25
4375,25
4377,25
4378,25
4379,25
4380,25
4381,1
4382,2
4383,3
4384,4
4385,5
4386,6
4387,7
4388,8
4389,9
4390,10
4391,25
4392,25
4393,25
4394,25
4395,25
4397,25
4398,25
4399,25
4400,25
4401,25
4403,1
4404,2
4405,3
4406,4
4408,6
4409,7
4410,8
4412,10
4414,12
4415,13
4416,14
4417,15
4418,16
4419,25
4420,25
4422,25
4423,25
4424,25
4425,1
4426,2
4428,4
4429,5
4430,6
4431,7
4432,8
4433,9
4434,10
4435,11
4437,13
4438,14
4440,25
4441,25
4442,25
4443,25
4444,25
4445,25
4447,1
4449,3
4452,6
4453,7
4454,8
4455,9
4456,10
4457,11
4458,12
4459,25
4460,25
4461,25
4462,25
4463,25
4464,25
4465,25
4466,25
4467,25
4469,1
4470,2
4472,4
4473,5
4476,8
4477,9
4479,11
4480,12
4481,25
4483,25
4484,25
4485,25
4486,25
4487,25
4488,25
4489,25
4490,25
4491,1
4492,2
4493,3
4494,4
4495,5
4496,6
4497,7
4498,8
4499,9
4500,10
4501,11
4502,12
4503,13
4504,14
4506,16
4507,25
4508,25
4509,25
4510,25
4511,25
4513,1
4516,4
4517,5
4519,7
4520,8
4521,9
4522,10
4523,11
4524,12
4525,13
4526,14
4527,15
4528,16
4529,17
4530,25
4531,25
4532,25
4534,25
4536,2
4537,3
4538,4
4539,5
4541,7
4542,8
4543,9
4544,10
4545,11
4546,12
4547,25
4548,25
4549,25
4550,25
4551,25
4552,25
4553,25
4554,25
4556,25
4558,2
4559,3
4560,4
4561,5
4562,6
4563,7
4564,8
4565,9
4566,10
4567,11
4569,25
4570,25
4571,25
4572,25
4573,25
4574,25
4575,25
4576,25
4577,25
4578,25
4579,1
4580,2
4582,4
4583,5
4584,6
4585,7
4586,8
4588,10
4589,11
4590,12
4592,14
4593,15
4594,25
4597,25
4598,25
4599,25
4600,25
4601,1
4602,2
4603,3
4604,4
4605,5
4607,7
4608,8
4609,9
4610,10
4611,11
4612,12
4613,13
4614,25
4615,25
4616,25
4617,25
4621,25
4622,25
4623,1
4624,2
4625,3
4626,4
4627,5
4628,6
4630,8
4631,9
4633,11
4634,12
4635,13
4637,25
4639,25
4640,25
4641,25
4642,25
4643,25
4644,25
4645,1
4646,2
4647,3
4648,4
4649,5
4653,9
4654,10
4655,11
4656,12
4657,13
4658,14
4659,25
4661,25
4662,25
4664,25
4665,25
4666,25
4667,1
4670,4
4671,5
4672,6
4673,7
4674,8
4675,9
4676,10
4678,25
4679,25
4680,25
4682,25
4683,25
4684,25
4685,25
4686,25
4687,25
4688,25
4689,1
4691,3
4692,4
4694,6
4695,7
4696,8
4697,9
4698,10
4699,11
4700,12
4701,25
4702,25
4703,25
4704,25
4705,25
4707,25
4709,25
4710,25
4711,1
4712,2
4713,3
4714,4
4716,6
4717,7
4718,8
4722,12
4723,13
4724,14
4725,15
4727,25
4728,25
4729,25
4730,25
4731,25
4733,1
4734,2
4735,3
4737,5
4738,6
4739,7
4740,8
4741,9
4743,11
4744,25
4745,25
4746,25
4747,25
4749,25
4750,25
4754,25
4755,1
4756,2
4757,3
4758,4
4760,6
4761,7
4762,8
4763,9
4765,25
4766,25
4767,25
4770,25
4772,25
4773,25
4774,25
4775,25
4776,25
4777,1
4778,2
4780,4
4781,5
4782,6
4783,7
4784,8
4785,9
4786,10
4787,11
4788,25
4789,25
4791,25
4792,25
4793,25
4794,25
4795,25
4798,25
4799,1
4804,6
4805,7
4806,8
4807,9
4808,10
4810,12
4812,14
4813,15
4814,25
4815,25
4817,25
4818,25
4819,25
4820,25
4822,2
4823,3
4824,4
4825,5
4827,7
4828,8
4829,9
4831,11
4832,12
4833,13
4834,14
4836,16
4837,17
4838,25
4839,25
4840,25
4842,25
4843,1
4844,2
4845,3
4846,4
4847,5
4848,6
4849,7
4851,9
4852,10
4853,11
4854,12
4855,13
4856,14
4857,15
4858,16
4859,25
4860,25
4861,25
4862,25
4863,25
4864,25
4866,2
4868,4
4869,5
4871,7
4873,9
4874,10
4875,25
4876,25
4877,25
4878,25
4879,25
4880,25
4881,25
4882,25
4883,25
4884,25
4885,25
4887,1
4888,2
4889,3
4891,5
4894,8
4895,9
4896,10
4898,12
4899,25
4900,25
4901,25
4902,25
4903,25
4904,25
4906,25
4907,25
4908,25
4910,2
4911,3
4913,5
4914,6
4915,7
4916,8
4917,9
4920,12
4921,13
4922,25
4923,25
4924,25
4925,25
4926,25
4927,25
4928,25
4929,25
4930,25
4931,1
4932,2
4933,3
4934,4
4936,6
4937,7
4938,8
4939,9
4940,10
4942,12
4943,13
4945,25
4948,25
4949,25
4950,25
4951,25
4952,25
4954,2
4955,3
4960,8
4961,9
4962,10
4964,12
4965,13
4966,14
4967,15
4968,25
4969,25
4970,25
4972,25
4973,25
4974,25
4976,2
4977,3
4979,5
4980,6
4981,7
4983,9
4985,11
4986,12
4988,14
4990,16
4991,17
4992,25
4993,25
4994,25
4996,25
4998,2
4999,3
5000,4
5001,5
5002,6
5003,7
5004,8
5005,25
5006,25
5007,25
5009,25
5010,25
5011,25
5012,25
5013,25
5014,25
5015,25
5016,25
5017,25
5018,25
5019,1
5021,3
5022,4
5023,5
5024,6
5025,7
5026,8
5027,9
5028,10
5030,12
5031,13
5033,25
5034,25
5035,25
5036,25
5037,25
5038,25
5039,25
5041,1
5042,2
5043,3
5044,4
5047,7
5049,9
5050,10
5051,11
5052,12
5053,13
5055,25
5057,25
5058,25
5059,25
5061,25
5062,25
5063,1
5064,2
5065,3
5066,4
5067,5
5068,6
5069,7
5071,9
5073,11
5074,25
5075,25
5077,25
5078,25
5079,25
5080,25
5081,25
5082,25
5085,1
5086,2
5088,4
5089,5
5090,6
5091,7
5092,8
5094,10
5096,12
5097,25
5099,25
5100,25
5102,25
5103,25
5104,25
5105,25
5107,1
5108,2
5109,3
5110,4
5111,5
5112,6
5113,7
5114,8
5115,9
5116,10
5117,11
5118,12
5119,25
5120,25
5122,25
5123,25
5124,25
5125,25
5126,25
5127,25
5128,25
5129,1
5130,2
5132,4
5133,5
5134,6
5135,7
5136,8
5138,10
5139,11
5140,12
5142,25
5143,25
5144,25
5145,25
5146,25
5148,25
5149,25
5151,1
5152,2
5153,3
5157,7
5158,8
5159,9
5160,10
5161,11
5162,12
5163,13
5164,14
5166,25
5167,25
5169,25
5170,25
5171,25
5172,25
5173,1
5174,2
5175,3
5176,4
5178,6
5180,8
5181,9
5183,11
5184,12
5185,13
5186,14
5187,15
5188,16
5189,25
5190,25
5192,25
5193,25
5194,25
5196,2
5197,3
5198,4
5199,5
5200,6
5201,7
5202,8
5205,11
5206,12
5211,25
5212,25
5213,25
5214,25
5215,25
5216,1
5217,2
5218,3
5219,4
5220,5
5221,6
5223,8
5224,9
5225,10
5227,25
5229,25
5230,25
5231,25
5234,25
5235,25
5236,25
5237,25
5238,1
5239,2
5243,6
5244,7
5245,8
5246,9
5247,25
5248,25
5249,25
5250,25
5251,25
5252,25
5253,25
5254,25
5255,25
5257,25
5258,25
5259,1
5260,2
5263,5
5264,6
5265,7
5266,8
5267,9
5268,10
5269,11
5270,12
5271,13
5273,15
5274,16
5275,25
5278,25
5279,1
5280,2
5281,3
5282,4
5284,6
5287,9
5288,10
5289,11
5291,25
5292,25
5293,25
5295,25
5296,25
5297,25
5298,25
5299,1
5301,3
5302,4
5303,5
5304,6
5306,8
5307,9
5308,10
5309,11
5310,12
5311,13
5312,25
5313,25
5314,25
5315,25
5316,25
5317,25
5318,25
5320,2
5321,3
5323,5
5324,6
5325,7
5326,8
5329,11
5330,12
5331,13
5332,14
5334,16
5336,25
5337,25
5338,25
5339,1
5341,3
5342,4
5344,6
5345,7
5346,8
5347,9
5348,10
5349,11
5350,25
5351,25
5352,25
5353,25
5354,25
5355,25
5356,25
5357,25
5361,3
5363,5
5364,6
5365,7
5366,8
5367,9
5368,10
5369,11
5370,25
5372,25
5373,25
5374,25
5375,25
5377,25
5378,25
5379,1
5380,2
5382,4
5383,5
5384,6
5386,8
5387,9
5389,11
5390,12
5391,13
5392,25
5393,25
5395,25
5396,25
5398,25
5399,1
5400,2
5401,3
5402,4
5403,5
5404,6
5405,7
5406,8
5407,9
5408,10
5409,25
5410,25
5411,25
5412,25
5413,25
5414,25
5415,25
5416,25
5418,25
5419,1
5420,2
5421,3
5422,4
5423,5
5424,6
5425,7
5426,8
5427,9
5428,10
5429,11
5430,12
5431,13
5432,14
5433,15
5434,25
5437,25
5438,25
5439,1
5440,2
5441,3
5442,4
5443,5
5444,6
5445,7
5446,8
5447,9
5448,10
5449,11
5450,12
5452,25
5454,25
5455,25
5456,25
5458,25
5459,1
5460,2
5461,3
5463,5
5464,6
5465,7
5466,8
5467,9
5468,10
5469,11
5470,12
5471,13
5472,25
5473,25
5474,25
5475,25
5477,25
5479,1
5480,2
5481,3
5482,4
5483,5
5484,6
5485,7
5487,9
5488,10
5489,11
5490,12
5491,13
5492,25
5493,25
5495,25
5496,25
5497,25
5498,25
5499,1
5500,2
5501,3
5502,4
5503,5
5505,7
5506,8
5507,9
5508,10
5511,25
5513,25
5514,25
5516,25
5517,25
5518,25
5519,1
5520,2
5521,3
5523,5
5524,6
5525,7
5526,8
5527,9
5531,13
5532,14
5533,15
5534,25
5535,25
5536,25
5537,25
5538,25
5539,1
5540,2
5541,3
5542,4
5543,5
5544,6
5547,9
5548,10
5549,11
5550,12
5551,13
5552,14
5553,15
5554,16
5555,25
5556,25
5557,25
5559,1
5560,2
5561,3
5562,4
5563,5
5564,6
5565,7
5566,8
5567,9
5568,10
5569,11
5570,12
5572,14
5573,15
5574,16
5575,17
5576,25
5577,25
5579,1
5580,2
5581,3
5582,4
5583,5
5585,7
5588,10
5589,11
5590,12
5591,13
5592,25
5594,25
5596,25
5597,25
5598,25
5599,1
5600,2
5601,3
5602,4
5604,6
5605,7
5606,8
5608,10
5609,11
5610,12
5612,25
5614,25
5615,25
5616,25
5617,25
5619,1
5620,2
5621,3
5622,4
5623,5
5625,7
5626,8
5628,10
5629,11
5631,13
5632,25
5637,25
5638,25
5639,1
5641,3
5643,5
5644,6
5646,8
5647,9
5648,10
5649,11
5650,25
5651,25
5652,25
5653,25
5655,25
5656,25
5657,25
5658,25
5659,1
5660,2
5662,4
5664,6
5667,9
5668,10
5669,11
5672,14
5673,15
5674,16
5677,25
5678,25
5680,2
5681,3
5682,4
5683,5
5684,6
5685,7
5687,9
5688,10
5689,11
5691,13
5692,14
5693,25
5694,25
5695,25
5696,25
5698,25
5699,1
5700,2
5701,3
5702,4
5704,6
5705,7
5707,9
5709,11
5710,12
5712,14
5713,15
5714,16
5715,25
5716,25
5719,1
5720,2
5721,3
5722,4
5723,5
5724,6
5725,7
5726,8
5727,9
5728,10
5729,11
5730,12
5732,14
5733,15
5734,16
5735,17
5736,25
5737,25
5740,2
5741,3
5744,6
5746,8
5747,9
5748,10
5749,11
5751,13
5752,14
5753,15
5754,16
5755,25
5756,25
5757,25
5758,25
5759,1
5760,2
5761,3
5762,4
5764,6
5766,8
5767,9
5769,11
5771,13
5772,25
5773,25
5774,25
5777,25
5779,1
5780,2
5782,4
5783,5
5784,6
5785,7
5788,10
5789,25
5790,25
5791,25
5792,25
5793,25
5794,25
5796,25
5797,25
5798,25
5799,1
5800,2
5801,3
5803,5
5804,6
5805,7
5806,8
5807,9
5809,11
5810,12
5811,13
5812,14
5814,25
5815,25
5817,25
5818,25
5819,1
5820,2
5821,3
5822,4
5823,5
5824,6
5826,8
5827,9
5828,10
5829,25
5830,25
5831,25
5832,25
5833,25
5834,25
5835,25
5836,25
5837,25
5838,25
5839,1
5840,2
5841,3
5842,4
5844,6
5845,7
5846,8
5847,9
5849,25
5850,25
5852,25
5853,25
5854,25
5855,25
5856,25
5857,25
5858,25
5860,2
5861,3
5863,5
5864,6
5865,7
5867,9
5868,10
5870,12
5871,13
5872,14
5873,15
5875,17
5876,18
5878,25
5879,1
5880,2
5881,3
5882,4
5883,5
5884,6
5885,7
5887,9
5888,10
5889,11
5890,12
5891,13
5892,14
5894,16
5895,25
5896,25
5897,25
5898,25
5899,1
5901,3
5902,4
5903,5
5904,6
5905,7
5906,8
5907,9
5908,10
5909,11
5910,12
5912,14
5913,15
5914,16
5915,17
5916,25
5917,25
5918,25
5919,1
5920,2
5921,3
5922,4
5925,7
5926,8
5927,9
5928,10
5929,11
5930,12
5931,13
5932,14
5933,15
5934,25
5935,25
5936,25
5937,25
5938,25
5939,1
5941,3
5942,4
5944,6
5945,7
5946,8
5947,9
5948,10
5950,25
5951,25
5953,25
5954,25
5955,25
5956,25
5957,25
5958,25
5959,1
5960,2
5961,3
5963,5
5964,6
5965,7
5966,8
5967,9
5968,10
5969,11
5972,14
5973,15
5974,25
5975,25
5977,25
5978,25
5979,1
5980,2
5981,3
5982,4
5983,5
5984,6
5985,7
5987,9
5990,12
5991,13
5992,14
5994,16
5995,25
5996,25
5997,25
5998,25
6000,2
6001,3
6003,5
6004,6
6006,8
6007,9
6008,10
6010,12
6011,13
6012,14
6014,16
6015,25
6016,25
6017,25
6018,25
6019,1
6020,2
6021,3
6023,5
6026,8
6027,9
6029,11
6030,12
6031,13
6032,14
6033,15
6034,16
6036,25
6037,25
6038,25
6039,1
6040,2
6041,3
6042,4
6043,5
6044,6
6045,7
6046,8
6047,9
6048,10
6049,25
6050,12
6051,13
6054,16
6055,17
6056,25
6057,25
6059,1
6061,3
6062,4
6063,5
6064,6
6066,8
6067,9
6068,10
6069,11
6070,12
6071,13
6072,25
6073,25
6075,25
6076,25
6077,25
6078,25
6079,1
6083,5
6085,7
6087,9
6088,10
6090,12
6091,13
6092,25
6093,25
6094,25
6095,25
6096,25
6097,25
6098,25
6099,1
6100,2
6101,3
6102,4
6103,5
6104,6
6105,7
6106,8
6107,9
6108,10
6109,11
6110,12
6111,13
6112,25
6113,25
6114,25
6115,25
6116,25
6117,25
6118,25
6119,1
6121,3
6122,4
6123,5
6124,6
6125,7
6126,8
6127,9
6128,10
6129,11
6130,12
6131,13
6132,25
6135,25
6136,25
6137,1
6138,2
6139,3
6140,4
6141,5
6143,7
6144,8
6146,10
6147,11
6148,12
6149,13
6150,14
6151,25
6153,25
6154,25
6156,2
6157,3
6158,4
6159,5
6160,6
6161,7
6162,8
6163,9
6164,10
6166,12
6167,13
6168,14
6169,15
6171,17
6172,18
6173,25
6176,2
6177,3
6178,4
6180,6
6181,7
6182,8
6184,10
6185,11
6186,25
6188,25
6189,25
6190,25
6192,25
6193,25
6194,25
6195,1
6196,2
6197,3
6198,4
6199,5
6201,25
6202,25
6203,25
6204,25
6205,25
6206,25
6207,25
6208,25
6209,25
6211,25
6212,25
6213,25
6214,25
6216,2
6217,3
6218,4
6219,5
6220,6
6221,7
6222,8
6223,9
6224,10
6225,11
6227,13
6228,14
6229,15
6230,25
6231,25
6232,25
6235,1
6236,2
6237,3
6238,4
6239,5
6240,6
6241,7
6242,8
6243,9
6244,10
6246,12
6247,13
6250,16
6251,17
6252,18
6256,2
6257,3
6258,4
6259,5
6260,6
6262,8
6263,9
6265,11
6266,12
6267,13
6268,14
6269,15
6270,16
6271,17
6272,18
6273,25
6274,25
6275,1
6277,3
6278,4
6280,6
6281,7
6282,8
6284,10
6288,14
6289,25
6290,25
6291,25
6293,25
6294,25
6296,2
6297,3
6300,6
6301,7
6302,8
6303,9
6304,10
6305,11
6306,12
6307,13
6308,14
6309,15
6311,25
6312,25
6313,25
6314,25
6315,1
6316,2
6317,3
6318,4
6319,5
6320,6
6321,7
6323,9
6326,12
6327,13
6329,15
6330,16
6332,18
6333,19
6334,20
6335,1
6336,2
6337,3
6338,4
6339,5
6340,6
6341,7
6342,8
6343,9
6344,10
6345,11
6347,13
6348,14
6349,15
6350,25
6351,25
6352,25
6355,1
6356,2
6357,3
6358,4
6359,5
6360,6
6361,7
6362,8
6363,9
6364,10
6365,11
6366,12
6367,13
6368,14
6369,15
6371,25
6375,1
6376,2
6378,4
6379,5
6381,7
6382,8
6383,9
6385,11
6386,12
6387,13
6388,14
6390,16
6391,25
6392,25
6393,25
6394,25
6396,2
6397,3
6398,4
6399,5
6400,6
6401,7
6402,8
6403,9
6405,11
6406,12
6407,13
6408,14
6409,15
6410,16
6411,25
6412,25
6414,25
6415,1
6416,2
6417,3
6418,4
6419,5
6421,7
6422,8
6425,11
6426,12
6427,13
6429,15
6430,16
6431,17
6432,18
6433,25
6434,25
6435,25
6436,25
6437,1
6438,2
6439,3
6440,4
6441,5
6442,6
6443,7
6444,8
6445,9
6446,10
6447,11
6448,12
6449,13
6450,14
6451,25
6452,25
6453,25
6454,25
6455,25
6457,25
6458,25
6459,1
6461,3
6462,4
6464,6
6465,7
6466,8
6467,9
6470,12
6472,25
6474,25
6475,25
6479,25
6480,25
6482,2
6483,3
6484,4
6485,5
6486,6
6487,7
6489,9
6490,10
6492,12
6493,13
6496,16
6497,25
6498,25
6499,25
6500,25
6501,25
6503,1
6504,2
6505,3
6506,4
6507,5
6508,6
6509,7
6510,8
6511,9
6512,10
6513,11
6514,12
6515,13
6516,25
6517,25
6518,25
6519,25
6520,25
6521,25
6522,25
6523,25
6524,25
6525,1
6526,2
6527,3
6530,6
6531,7
6532,8
6533,9
6534,10
6535,11
6537,13
6538,14
6539,15
6541,17
6542,25
6544,25
6545,25
6546,25
6547,1
6548,2
6549,3
6550,4
6552,6
6553,7
6554,8
6555,9
6556,10
6557,11
6558,12
6560,14
6561,15
6562,16
6563,17
6564,25
6565,25
6566,25
6567,25
6569,1
6570,2
6571,3
6572,4
6576,8
6577,9
6578,10
6579,11
6581,13
6583,15
6584,16
6586,18
6587,25
6588,25
6590,25
6591,1
6592,2
6593,3
6595,5
6596,6
6597,7
6599,9
6601,11
6602,12
6604,14
6608,25
6609,25
6610,25
6611,25
6613,1
6615,3
6618,6
6619,7
6620,8
6621,9
6622,25
6623,25
6624,25
6625,25
6626,25
6627,25
6628,25
6630,25
6631,25
6632,25
6633,25
6634,25
6635,1
6636,2
6637,3
6638,4
6639,5
6641,7
6642,8
6643,9
6644,10
6645,11
6646,12
6647,13
6650,16
6651,25
6653,25
6654,25
6655,25
6656,25
6658,2
6659,3
6660,4
6661,5
6662,6
6663,7
6667,11
6668,12
6669,25
6670,25
6671,25
6672,25
6673,25
6674,25
6675,25
6676,25
6677,25
6678,25
6679,1
6680,2
6681,3
6682,4
6683,5
6684,6
6685,7
6686,8
6688,10
6689,11
6690,12
6691,13
6692,25
6693,25
6694,25
6696,25
6697,25
6698,25
6702,2
6703,3
6704,4
6705,5
6707,7
6709,9
6710,10
6712,12
6713,13
6714,14
6717,25
6719,25
6720,25
6721,25
6722,25
6723,1
6724,2
6727,5
6729,7
6730,8
6731,9
6732,10
6734,12
6736,14
6737,15
6738,16
6739,17
6740,25
6741,25
6742,25
6743,25
6744,25
6745,1
6746,2
6747,3
6748,4
6749,5
6750,6
6751,7
6752,8
6753,9
6755,11
6757,13
6758,14
6759,15
6760,16
6763,25
6766,25
6767,1
6768,2
6769,3
6770,4
6771,5
6772,6
6773,7
6774,8
6775,9
6776,10
6777,11
6778,12
6779,13
6780,14
6781,15
6782,16
6783,17
6784,18
6786,25
6787,25
6788,25
6789,1
6790,2
6791,3
6792,4
6793,5
6795,7
6797,9
6798,10
6799,11
6800,12
6801,13
6802,14
6803,15
6804,16
6806,25
6807,25
6808,25
6809,25
6810,25
6811,1
6814,4
6815,5
6816,6
6817,7
6819,9
6820,10
6821,11
6822,12
6823,13
6824,14
6825,15
6826,16
6827,17
6828,25
6829,25
6831,25
6832,25
6833,1
6834,2
6835,3
6836,4
6837,5
6838,6
6840,8
6841,9
6843,11
6844,12
6845,13
6846,14
6847,15
6848,16
6849,17
6850,18
6851,25
6852,25
6853,25
6854,25
6855,1
6856,2
6857,3
6859,5
6860,6
6861,7
6863,9
6864,10
6865,11
6866,12
6867,13
6868,14
6869,15
6870,16
6871,25
6872,25
6873,25
6875,25
6877,1
6878,2
6879,3
6881,5
6882,6
6883,7
6884,8
6885,9
6886,10
6887,11
6888,12
6889,13
6891,25
6892,25
6893,25
6894,25
6895,25
6896,25
6897,25
6898,25
6899,1
6900,2
6902,4
6903,5
6904,6
6907,9
6912,14
6913,15
6914,16
6915,17
6917,19
6918,25
6919,25
6920,25
6922,2
6925,5
6926,6
6928,8
6929,9
6930,10
6931,11
6932,12
6933,25
6934,25
6935,25
6936,25
6939,25
6941,25
6945,3
6946,4
6947,5
6950,8
6951,9
6953,11
6955,13
6956,14
6957,15
6958,16
6959,17
6960,25
6961,25
6962,25
6963,25
6964,25
6965,1
6966,2
6967,3
6968,4
6969,5
6970,6
6971,7
6972,8
6973,9
6974,10
6975,11
6976,12
6977,13
6978,14
6979,15
6980,16
6981,17
6983,25
6984,25
6985,25
6986,25
6987,1
6988,2
6989,3
6990,4
6991,5
6992,6
6993,7
6994,8
6995,9
6996,10
6997,11
6998,12
6999,13
7001,15
7002,16
7003,25
7004,25
7005,25
7006,25
7007,25
7008,25
7009,1
7010,2
7011,3
7012,4
7013,5
7014,6
7015,7
7016,8
7017,9
7018,10
7019,11
7020,12
7021,13
7022,25
7023,25
7024,25
7025,25
7026,25
7027,25
7029,25
7031,1
7032,2
7033,3
7035,5
7036,6
7037,7
7038,8
7040,10
7041,11
7042,12
7043,13
7044,14
7045,15
7046,16
7047,17
7048,18
7049,25
7050,25
7051,25
7052,25
7053,1
7056,4
7057,5
7058,6
7059,7
7060,8
7061,9
7062,10
7065,13
7066,14
7068,16
7069,17
7070,18
7072,20
7073,21
7074,25
7075,1
7076,2
7077,3
7078,4
7079,5
7081,7
7082,8
7083,9
7084,10
7085,11
7086,12
7087,13
7089,15
7090,16
7092,18
7093,19
7094,20
7095,25
7096,25
7098,2
7100,4
7101,5
7102,6
7103,7
7104,8
7106,10
7107,11
7108,12
7109,13
7110,14
7111,15
7112,16
7114,25
7115,25
7116,25
7117,25
7118,25
7120,2
7122,4
7123,5
7125,7
7126,8
7127,9
7129,11
7130,12
7131,13
7132,14
7134,25
7135,25
7137,25
7138,25
7139,25
7140,25
7141,1
7142,2
7143,3
7144,4
7145,5
7146,6
7147,7
7148,8
7150,10
7151,11
7152,12
7153,13
7154,14
7155,15
7156,16
7157,17
7158,25
7159,25
7160,25
7161,25
7162,25
7163,1
7164,2
7165,3
7166,4
7170,8
7171,9
7172,10
7173,11
7174,12
7175,13
7176,14
7180,25
7181,25
7182,25
7183,25
7184,25
7185,1
7186,2
7187,3
7188,4
7189,5
7190,6
7191,7
7192,8
7194,25
7195,25
7196,25
7197,25
7198,25
7200,25
7201,25
7202,25
7203,25
7204,25
7205,25
7206,25
7207,1
7208,2
7210,4
7211,5
7212,6
7214,8
7215,9
7217,11
7218,12
7219,13
7220,14
7221,15
7222,16
7223,17
7224,25
7225,25
7226,25
7227,25
7228,25
7229,1
7230,2
7231,3
7232,4
7233,5
7234,6
7235,7
7236,8
7238,10
7239,11
7240,12
7241,13
7242,14
7244,16
7245,17
7246,18
7247,19
7249,25
7250,25
7251,1
7252,2
7254,4
7255,5
7256,6
7258,8
7260,10
7261,11
7263,13
7265,25
7267,25
7268,25
7269,25
7270,25
7271,25
7272,25
7274,2
7275,3
7276,4
7277,5
7279,7
7280,8
7282,10
7285,13
7286,14
7287,15
7288,16
7289,17
7290,25
7291,25
7293,1
7294,2
7295,3
7297,5
7298,6
7299,7
7301,9
7302,10
7303,11
7304,12
7305,13
7306,14
7307,25
7309,25
7310,25
7311,25
7312,25
7313,1
7314,2
7315,3
7316,4
7318,6
7319,7
7320,8
7322,10
7324,12
7325,13
7326,25
7327,25
7328,25
7329,25
7330,25
7331,25
7332,25
7334,2
7335,3
7336,4
7337,5
7338,6
7339,7
7340,8
7341,9
7342,10
7344,12
7345,13
7346,14
7347,15
7348,16
7349,17
7350,18
7351,19
7353,1
7354,2
7355,3
7356,4
7357,5
7358,6
7359,7
7360,8
7362,10
7365,13
7367,25
7369,25
7370,25
7371,25
7373,1
7374,2
7375,3
7376,4
7377,5
7378,6
7379,7
7381,9
7382,10
7384,12
7385,13
7386,14
7387,15
7388,16
7389,17
7390,25
7391,25
7392,25
7394,2
7396,4
7398,6
7399,7
7400,8
7401,9
7402,10
7403,11
7404,12
7405,13
7406,14
7407,15
7408,16
7409,17
7410,18
7411,25
7412,25
7413,1
7414,2
7415,3
7416,4
7417,5
7419,7
7421,9
7422,10
7423,11
7424,12
7425,13
7426,14
7429,17
7430,25
7432,25
7433,1
7434,2
7435,3
7436,4
7437,5
7439,7
7441,9
7443,11
7444,12
7445,13
7446,14
7448,16
7450,18
7451,25
7452,25
7453,1
7455,3
7456,4
7457,5
7458,6
7459,7
7460,8
7461,9
7463,11
7464,12
7465,13
7466,14
7467,15
7468,16
7469,17
7470,18
7471,19
7474,2
7475,3
7476,4
7478,6
7480,8
7481,9
7482,10
7483,11
7485,13
7487,15
7488,25
7490,25
7491,25
7493,1
7494,2
7496,4
7497,5
7498,6
7499,7
7500,8
7501,9
7502,10
7503,11
7504,12
7505,13
7506,14
7507,15
7509,25
7511,25
7514,2
7515,3
7516,4
7518,6
7519,7
7520,8
7521,9
7522,10
7523,11
7525,13
7527,15
7529,17
7530,25
7531,25
7532,25
7533,1
7534,2
7535,3
7536,4
7537,5
7538,6
7539,7
7540,8
7541,9
7542,10
7545,13
7546,14
7547,15
7549,17
7550,18
7551,25
7552,25
7553,1
7554,2
7555,3
7556,4
7557,5
7558,6
7559,7
7560,8
7561,9
7562,10
7563,11
7564,12
7565,13
7567,15
7568,25
7569,25
7570,25
7571,25
7573,1
7578,6
7579,7
7580,8
7581,9
7582,10
7583,11
7584,12
7585,13
7586,14
7587,15
7588,16
7589,17
7590,18
7591,25
7592,25
7593,1
7594,2
7595,3
7596,4
7597,5
7598,6
7599,7
7601,9
7602,10
7603,11
7604,12
7605,13
7606,14
7608,16
7609,17
7610,25
7611,25
7612,25
7613,1
7614,2
7615,3
7616,4
7617,5
7618,6
7619,7
7622,10
7623,11
7624,12
7625,13
7626,14
7627,15
7628,16
7629,17
7631,19
7633,1
7635,3
7636,4
7637,5
7638,6
7639,7
7641,9
7643,11
7644,12
7645,13
7646,14
7647,25
7648,25
7650,25
7651,25
7652,25
7653,1
7654,2
7655,3
7658,6
7659,7
7660,8
7661,9
7662,10
7663,11
7664,12
7665,13
7666,14
7668,25
7669,25
7670,25
7671,25
7672,25
7673,1
7675,3
7677,5
7678,6
7679,7
7680,8
7681,9
7682,10
7683,11
7684,12
7686,14
7687,15
7688,16
7689,17
7690,18
7691,25
7692,25
7693,1
7694,2
7695,3
7696,4
7697,5
7698,6
7699,7
7700,8
7701,9
7702,10
7703,11
7704,12
7705,13
7706,14
7707,15
7708,16
7709,17
7710,18
7711,25
7712,25
7713,1
7714,2
7715,3
7716,4
7717,5
7718,6
7719,7
7721,9
7722,10
7723,11
7725,13
7727,15
7729,17
7730,18
7731,25
7732,25
7733,1
7734,2
7735,3
7737,5
7738,6
7739,7
7740,8
7741,9
7742,10
7743,11
7745,13
7746,14
7747,15
7748,16
7749,25
7752,25
7753,1
7754,2
7755,3
7757,5
7758,6
7759,7
7760,8
7763,11
7764,12
7765,13
7766,14
7767,15
7768,16
7769,17
7770,18
7771,25
7772,25
7773,1
7774,2
7776,4
7778,6
7779,7
7780,8
7781,9
7782,10
7783,11
7784,12
7785,13
7786,14
7787,25
7788,25
7789,25
7790,25
7791,25
7792,25
7793,1
7794,2
7796,4
7797,5
7798,6
7799,7
7800,8
7801,9
7802,10
7803,11
7804,12
7805,13
7806,14
7807,15
7808,16
7810,25
7811,25
7812,25
7813,1
7814,2
7815,3
7817,5
7818,6
7819,7
7821,9
7822,10
7823,11
7824,12
7825,13
7826,14
7827,25
7828,25
7830,25
7832,25
7833,1
7834,2
7835,3
7836,4
7837,5
7838,6
7839,7
7840,8
7841,9
7842,10
7844,12
7845,13
7846,14
7848,16
7849,17
7850,25
7851,25
7852,25
7853,1
7854,2
7855,3
7856,4
7858,6
7861,9
7862,10
7865,13
7866,14
7868,25
7869,25
7870,25
7871,25
7872,25
7873,1
7875,3
7876,4
7877,5
7878,6
7880,8
7881,9
7882,10
7883,11
7884,12
7886,14
7887,15
7888,16
7889,17
7890,18
7893,1
7894,2
7895,3
7898,6
7899,7
7900,8
7901,9
7902,10
7903,11
7905,13
7907,15
7909,17
7910,25
7911,25
7912,25
7913,25
7914,25
7915,25
7916,25
7917,1
7918,2
7919,3
7920,4
7921,5
7923,7
7924,8
7925,9
7926,10
7927,11
7928,12
7929,13
7930,14
7931,25
7934,25
7935,25
7936,25
7937,25
7938,25
7939,25
7940,25
7942,2
7943,3
7944,4
7946,6
7948,8
7949,9
7950,10
7951,11
7953,13
7954,14
7955,15
7956,16
7960,25
7961,25
7962,25
7964,25
7965,1
7966,2
7967,3
7970,6
7971,7
7972,8
7973,9
7974,10
7977,13
7978,14
7980,16
7981,17
7982,25
7983,25
7984,25
7985,25
7986,25
7987,25
7988,25
7989,1
7990,2
7991,3
7992,4
7994,6
7995,7
7998,10
7999,11
8000,12
8001,13
8003,15
8005,17
8006,18
8007,19
8008,25
8009,25
8010,25
8011,25
8012,25
8013,1
8014,2
8015,3
8016,4
8017,5
8018,6
8019,7
8021,9
8022,10
8023,11
8024,12
8025,13
8026,14
8028,25
8029,25
8030,25
8031,25
8034,25
8035,25
8036,25
8037,1
8038,2
8039,3
8040,4
8042,6
8043,7
8046,10
8047,11
8048,12
8050,14
8051,15
8054,18
8055,19
8056,20
8057,25
8060,25
8065,5
8066,6
8068,8
8069,9
8070,10
8071,11
8072,12
8074,14
8075,15
8076,16
8077,17
8078,18
8079,19
8080,25
8081,25
8082,25
8083,25
8084,25
8085,1
8087,3
8088,4
8089,5
8090,6
8091,7
8092,8
8093,9
8094,10
8095,11
8096,12
8098,14
8099,15
8100,16
8102,18
8105,21
8106,25
8107,25
8108,25
8109,1
8110,2
8111,3
8112,4
8113,5
8115,7
8116,8
8117,9
8118,10
8119,11
8120,12
8121,13
8122,14
8123,15
8124,16
8126,18
8127,19
8128,20
8129,25
8130,25
8131,25
8132,25
8133,1
8135,3
8138,6
8139,7
8141,9
8142,10
8143,11
8144,12
8145,13
8146,14
8147,15
8148,16
8149,17
8150,18
8151,19
8152,25
8153,25
8154,25
8155,25
8156,25
8157,1
8159,3
8160,4
8161,5
8163,7
8164,8
8165,9
8166,10
8167,11
8168,12
8169,13
8170,14
8172,16
8173,17
8174,18
8175,19
8176,25
8177,25
8179,25
8180,25
8181,1
8182,2
8183,3
8184,4
8185,5
8186,6
8188,8
8190,10
8191,11
8192,12
8193,13
8194,14
8196,16
8197,17
8199,19
8200,20
8202,25
8203,25
8204,25
8205,1
8206,2
8207,3
8209,5
8212,8
8214,10
8215,11
8216,12
8217,13
8218,14
8220,16
8221,17
8222,18
8223,19
8224,20
8225,25
8226,25
8227,25
8228,25
8229,1
8230,2
8231,3
8232,4
8233,5
8234,6
8236,8
8237,9
8239,11
8240,12
8241,13
8244,16
8245,25
8246,25
8247,25
8248,25
8252,25
8253,1
8255,3
8256,4
8258,6
8259,7
8261,9
8262,10
8263,11
8265,13
8266,14
8267,15
8268,16
8270,25
8272,25
8273,25
8274,25
8275,25
8278,2
8279,3
8280,4
8281,5
8282,6
8283,7
8284,8
8285,9
8286,10
8287,11
8288,12
8289,13
8290,14
8291,15
8292,25
8293,25
8294,25
8296,25
8298,25
8299,25
8300,25
8301,1
8302,2
8304,4
8305,5
8306,6
8308,8
8309,9
8310,10
8311,11
8312,12
8314,14
8316,16
8317,17
8318,18
8319,19
8322,22
8323,25
8324,25
8325,1
8326,2
8327,3
8328,4
8329,5
8330,6
8331,7
8333,9
8335,11
8337,13
8338,14
8339,15
8340,16
8341,17
8342,18
8344,20
8345,21
8346,25
8348,25
8349,1
8350,2
8351,3
8352,4
8353,5
8354,6
8356,8
8357,9
8358,10
8359,11
8361,13
8363,25
8364,25
8365,25
8366,25
8367,25
8368,25
8369,25
8370,25
8371,25
8372,25
8373,1
8374,2
8375,3
8376,4
8377,5
8378,6
8379,7
8380,8
8381,9
8382,10
8383,11
8384,12
8385,13
8386,14
8387,15
8388,16
8389,17
8391,25
8392,25
8393,25
8394,25
8395,25
8397,1
8398,2
8400,4
8401,5
8402,6
8404,8
8405,9
8407,11
8408,12
8409,13
8410,14
8411,15
8412,16
8414,18
8416,20
8418,22
8419,23
8420,25
8421,1
8422,2
8423,3
8424,4
8425,5
8430,10
8431,11
8432,12
8433,13
8434,14
8435,15
8436,16
8437,17
8438,18
8439,19
8440,20
8441,21
8442,22
8444,25
8445,1
8446,2
8448,4
8450,6
8452,8
8454,10
8455,11
8456,12
8458,14
8459,15
8460,16
8461,17
8462,18
8464,20
8465,21
8466,25
8467,25
8468,25
8469,1
8470,2
8471,3
8474,6
8475,7
8476,8
8477,9
8478,10
8480,12
8481,13
8483,15
8486,18
8487,25
8488,25
8490,25
8491,25
8492,25
8493,1
8494,2
8496,4
8497,5
8498,6
8499,7
8500,8
8501,9
8502,10
8503,11
8504,12
8506,14
8508,16
8509,17
8510,18
8511,25
8512,25
8513,25
8515,25
8516,25
8517,1
8518,2
8519,3
8520,4
8521,5
8522,6
8523,7
8524,8
8525,9
8526,10
8527,11
8528,12
8529,13
8530,14
8531,15
8532,16
8533,17
8534,18
8535,19
8536,20
8537,21
8538,22
8539,23
8540,24
8542,2
8543,3
8544,4
8545,5
8546,6
8547,7
8548,8
8549,9
8552,12
8553,13
8554,14
8555,15
8556,16
8557,17
8559,19
8560,25
8562,25
8563,25
8564,25
8565,1
8566,2
8567,3
8569,5
8570,6
8571,7
8572,8
8573,9
8574,10
8575,11
8576,12
8577,13
8578,14
8579,15
8580,16
8581,17
8582,18
8583,19
8584,20
8585,25
8586,25
8587,25
8588,25
8589,1
8590,2
8592,4
8593,5
8594,6
8595,7
8596,8
8598,10
8599,11
8600,12
8601,13
8602,14
8603,15
8604,16
8605,17
8606,18
8608,20
8609,25
8610,25
8611,25
8612,25
8613,1
8614,2
8616,4
8617,5
8618,6
8619,7
8620,8
8621,9
8622,10
8624,12
8625,13
8627,15
8628,16
8630,18
8632,25
8633,25
8635,25
8636,25
8637,1
8638,2
8639,3
8641,5
8642,6
8643,7
8644,8
8645,9
8646,10
8647,11
8648,12
8649,13
8651,15
8652,25
8653,25
8654,25
8656,25
8657,25
8658,25
8659,25
8660,25
8661,1
8662,2
8664,4
8665,5
8666,6
8667,7
8668,8
8669,9
8670,10
8671,11
8672,12
8673,13
8674,14
8675,15
8676,16
8677,17
8678,18
8679,19
8680,20
8681,21
8682,25
8683,25
8685,1
8686,2
8687,3
8688,4
8689,5
8690,6
8692,8
8693,9
8694,10
8695,11
8696,12
8697,13
8700,16
8701,17
8703,19
8704,20
8705,21
8706,22
8707,23
8708,25
8709,1
8711,3
8712,4
8713,5
8714,6
8715,7
8716,8
8717,9
8718,10
8719,11
8720,12
8722,14
8723,15
8725,17
8727,19
8729,21
8732,25
8733,1
8734,2
8735,3
8739,7
8740,8
8741,9
8742,10
8743,11
8744,12
8746,14
8747,15
8748,16
8749,17
8750,18
8751,19
8753,25
8755,25
8756,25
8757,1
8758,2
8759,3
8760,4
8761,5
8764,8
8766,10
8767,11
8768,12
8769,13
8771,15
8772,16
8773,17
8774,18
8775,19
8776,20
8777,25
8779,25
8780,25
8781,1
8782,2
8783,3
8784,4
8787,7
8788,8
8789,9
8790,10
8791,11
8792,12
8793,13
8794,14
8796,16
8797,17
8798,18
8799,19
8800,20
8801,25
8802,25
8803,25
8804,25
8806,2
8807,3
8808,4
8809,5
8811,7
8813,9
8814,10
8815,11
8816,12
8817,13
8818,14
8819,15
8820,16
8821,25
8822,25
8823,25
8824,25
8825,25
8826,25
8827,25
8828,25
8829,1
8830,2
8831,3
8832,4
8835,7
8836,8
8837,9
8838,10
8840,12
8841,13
8842,14
8843,15
8844,16
8847,19
8848,20
8849,21
8850,22
8851,25
8852,25
8853,1
8854,2
8855,3
8857,5
8858,6
8860,8
8861,9
8862,10
8863,11
8864,12
8866,14
8867,15
8868,16
8871,19
8872,20
8873,21
8874,22
8875,23
8876,25
8877,1
8878,2
8879,3
8880,4
8882,6
8883,7
8884,8
8885,9
8886,10
8887,11
8888,12
8889,13
8891,15
8892,16
8893,17
8894,18
8895,19
8896,20
8897,21
8899,25
8900,25
8901,1
8902,2
8903,3
8904,4
8905,5
8907,7
8908,8
8909,9
8910,10
8911,11
8912,12
8914,14
8916,16
8918,18
8921,25
8922,25
8923,25
8924,25
8925,1
8927,3
8930,6
8932,8
8933,9
8934,10
8935,11
8936,12
8937,13
8938,14
8939,15
8940,16
8941,25
8943,25
8944,25
8945,25
8947,25
8948,25
8949,1
8950,2
8952,4
8953,5
8954,6
8956,8
8958,10
8959,11
8960,12
8961,13
8962,14
8964,16
8966,18
8967,19
8968,20
8969,21
8970,25
8972,25
8974,2
8975,3
8976,4
8977,5
8978,6
8980,8
8981,9
8982,10
8983,11
8984,12
8985,13
8986,14
8988,16
8989,17
8990,18
8991,19
8992,25
8993,25
8994,25
8995,25
8997,1
8999,3
9000,4
9001,5
9002,6
9003,7
9005,9
9006,10
9008,12
9009,13
9010,14
9011,15
9013,17
9014,18
9015,19
9016,20
9017,21
9018,25
9021,1
9022,2
9023,3
9024,4
9026,6
9028,8
9029,9
9030,10
9031,11
9032,12
9034,14
9035,15
9036,16
9038,18
9039,19
9040,20
9041,21
9042,22
9043,23
9044,25
9045,1
9046,2
9047,3
9048,4
9050,6
9051,7
9052,8
9053,9
9054,10
9055,11
9056,12
9057,13
9058,14
9059,15
9060,16
9062,18
9063,19
9064,20
9066,22
9067,25
9068,25
9070,2
9071,3
9073,5
9074,6
9075,7
9077,9
9078,10
9079,11
9080,12
9081,13
9082,14
9085,17
9087,25
9089,25
9090,25
9091,25
9092,25
9093,1
9094,2
9095,3
9096,4
9097,5
9098,6
9100,8
9101,9
9102,10
9103,11
9104,12
9106,14
9108,16
9109,17
9110,18
9112,20
9113,21
9114,22
9115,25
9116,25
9117,1
9118,2
9119,3
9120,4
9121,5
9122,6
9123,7
9124,8
9125,9
9126,10
9127,11
9128,12
9129,13
9130,14
9131,15
9132,16
9133,17
9134,18
9136,25
9137,25
9139,25
9140,25
9141,1
9142,2
9143,3
9145,5
9146,6
9147,7
9149,9
9150,10
9152,12
9153,13
9154,14
9155,15
9156,16
9159,19
9160,25
9161,25
9162,25
9164,25
9165,1
9166,2
9167,3
9169,5
9170,6
9171,7
9172,8
9173,9
9174,10
9177,13
9178,14
9179,15
9180,16
9181,17
9182,18
9184,20
9185,25
9186,25
9189,1
9191,3
9192,4
9194,6
9196,8
9197,9
9198,10
9199,11
9200,12
9202,14
9205,17
9206,18
9207,19
9208,20
9209,21
9210,22
9211,25
9212,25
9213,1
9214,2
9215,3
9216,4
9217,5
9219,7
9220,8
9223,11
9224,12
9225,13
9226,14
9227,15
9229,17
9231,25
9232,25
9233,25
9234,25
9235,25
9236,25
9238,2
9239,3
9240,4
9242,6
9243,7
9245,9
9246,10
9247,11
9248,12
9249,13
9250,14
9251,15
9252,16
9253,17
9255,19
9256,20
9258,22
9260,25
9261,1
9262,2
9263,3
9264,4
9265,5
9266,6
9267,7
9268,8
9270,10
9271,11
9273,13
9274,14
9275,15
9277,17
9278,18
9279,19
9280,25
9281,25
9282,25
9283,25
9284,25
9285,1
9286,2
9287,3
9288,4
9289,5
9290,6
9292,8
9293,9
9294,10
9296,12
9298,14
9299,15
9300,16
9302,18
9303,25
9304,25
9305,25
9306,25
9307,1
9308,2
9310,4
9311,5
9312,6
9313,7
9315,9
9317,11
9318,12
9319,13
9320,14
9321,15
9322,16
9323,17
9325,25
9326,25
9327,25
9328,25
9329,1
9330,2
9331,3
9332,4
9333,5
9334,6
9335,7
9336,8
9337,9
9338,10
9339,11
9341,13
9342,14
9343,15
9344,16
9345,17
9346,18
9347,25
9348,25
9349,25
9350,25
9352,2
9353,3
9354,4
9355,5
9356,6
9357,7
9358,8
9359,9
9360,10
9361,11
9363,13
9364,14
9365,15
9366,16
9367,17
9368,18
9371,21
9372,25
9373,1
9374,2
9375,3
9378,6
9379,7
9380,8
9381,9
9382,10
9383,11
9384,12
9385,13
9386,14
9387,15
9388,16
9389,17
9390,18
9391,19
9393,21
9394,22
9395,1
9397,3
9398,4
9399,5
9400,6
9401,7
9402,8
9403,9
9404,10
9405,11
9406,12
9408,14
9409,15
9410,16
9411,25
9412,25
9413,25
9414,25
9415,25
9416,25
9417,1
9419,3
9420,4
9421,5
9422,6
9423,7
9424,8
9426,10
9427,11
9430,14
9431,15
9432,16
9433,17
9434,18
9435,19
9436,20
9437,25
9438,25
9439,1
9441,3
9442,4
9443,5
9444,6
9445,7
9446,8
9448,10
9449,11
9450,12
9451,13
9452,14
9453,15
9454,16
9455,17
9457,19
9458,20
9460,25
9463,3
9464,4
9465,5
9466,6
9468,8
9469,9
9471,11
9472,12
9474,14
9475,15
9476,16
9477,17
9478,18
9479,19
9481,25
9482,25
9483,1
9484,2
9485,3
9486,4
9488,6
9489,7
9491,9
9492,10
9493,11
9494,12
9495,13
9496,14
9497,15
9498,16
9499,17
9500,18
9501,19
9502,25
9503,25
9504,25
9505,1
9506,2
9507,3
9508,4
9509,5
9510,6
9511,7
9514,10
9515,11
9516,12
9519,15
9521,17
9522,18
9523,19
9524,25
9525,25
9527,1
9528,2
9529,3
9530,4
9532,6
9534,8
9536,10
9538,12
9539,13
9540,14
9542,16
9543,17
9544,18
9546,20
9548,25
9549,1
9551,3
9554,6
9555,7
9556,8
9557,9
9558,10
9559,11
9562,14
9563,15
9565,17
9567,19
9568,20
9569,25
9571,1
9572,2
9573,3
9577,7
9578,8
9579,9
9580,10
9581,11
9582,12
9583,13
9584,14
9585,15
9586,16
9589,19
9590,20
9591,25
9592,25
9593,1
9594,2
9596,4
9597,5
9598,6
9600,8
9601,9
9602,10
9604,12
9605,13
9607,15
9608,16
9609,17
9610,18
9613,25
9614,25
9615,1
9616,2
9618,4
9619,5
9621,7
9622,8
9623,9
9624,10
9625,11
9626,12
9629,15
9630,16
9631,17
9633,19
9634,25
9635,25
9636,25
9637,1
9639,3
9640,4
9641,5
9642,6
9643,7
9645,9
9646,10
9648,12
9649,13
9650,14
9651,15
9653,17
9655,19
9656,20
9657,21
9658,25
9660,2
9661,3
9662,4
9665,7
9666,8
9667,9
9668,10
9669,11
9671,13
9672,14
9674,16
9675,17
9676,18
9677,19
9678,20
9679,21
9681,1
9682,2
9684,4
9686,6
9688,8
9689,9
9690,10
9692,12
9693,13
9695,15
9697,17
9698,18
9699,19
9700,25
9703,1
9705,3
9707,5
9708,6
9710,8
9711,9
9712,10
9713,11
9715,13
9717,25
9718,25
9719,25
9721,25
9722,25
9723,25
9724,25
9727,3
9730,6
9731,7
9732,8
9733,9
9734,10
9735,11
9736,12
9737,13
9738,14
9740,25
9741,25
9742,25
9743,25
9744,25
9745,25
9747,1
9748,2
9749,3
9750,4
9751,5
9753,7
9754,8
9755,9
9757,11
9758,12
9759,13
9760,14
9762,16
9764,25
9765,25
9766,25
9767,25
9768,25
9770,2
9771,3
9772,4
9773,5
9774,6
9775,7
9776,8
9777,9
9779,11
9780,12
9782,14
9783,15
9784,16
9785,17
9786,18
9788,20
9789,25
9790,25
9791,1
9793,3
9794,4
9795,5
9796,6
9798,8
9799,9
9800,10
9801,11
9804,14
9805,15
9806,16
9807,17
9808,18
9809,19
9811,25
9812,25
9813,1
9814,2
9815,3
9816,4
9817,5
9819,7
9820,8
9821,9
9822,10
9823,11
9824,12
9825,13
9826,14
9827,25
9828,25
9829,25
9830,25
9831,25
9832,25
9833,25
9834,25
9835,1
9836,2
9837,3
9838,4
9839,5
9840,6
9841,7
9842,8
9843,9
9844,10
9845,11
9846,12
9848,14
9850,25
9851,25
9852,25
9853,25
9854,25
9855,25
9856,25
9857,1
9858,2
9860,4
9861,5
9862,6
9863,7
9866,10
9867,11
9868,12
9869,13
9870,14
9871,15
9873,17
9874,18
9875,19
9876,25
9877,25
9878,25
9879,1
9880,2
9881,3
9882,4
9883,5
9884,6
9885,7
9886,8
9887,9
9888,10
9889,11
9890,12
9891,13
9893,15
9894,16
9895,17
9896,25
9898,25
9899,25
9900,25
9902,2
9903,3
9904,4
9905,5
9907,7
9908,8
9909,9
9910,10
9911,11
9912,12
9913,13
9915,15
9916,16
9917,17
9918,18
9919,25
9921,25
9922,25
9924,2
9925,3
9926,4
9927,5
9928,6
9929,7
9930,8
9931,9
9932,10
9933,11
9934,12
9935,13
9937,15
9938,16
9939,25
9940,25
9941,25
9942,25
9943,25
9944,25
9945,1
9947,3
9948,4
9949,5
9950,6
9952,8
9953,9
9954,10
9956,12
9959,15
9960,16
9961,17
9962,18
9964,25
9966,25
9967,1
9968,2
9969,3
9971,5
9972,6
9974,8
9975,9
9976,10
9977,11
9978,12
9979,13
9980,14
9981,15
9982,16
9983,17
9985,19
9986,20
9987,25
9988,25
9989,1
9990,2
9992,4
9993,5
9994,6
9995,7
9996,8
9997,9
9998,10
9999,11
10000,12
10002,14
10003,15
10004,16
10005,17
10006,25
10007,25
10008,25
10009,25
10010,25
10011,1
10013,3
10014,4
10016,6
10018,8
10019,9
10020,10
10021,11
10022,12
10023,13
10024,14
10025,15
10026,16
10027,17
10028,18
10030,20
10032,25
10035,3
10036,4
10037,5
10038,6
10039,7
10040,8
10041,9
10042,10
10043,11
10044,12
10045,13
10046,14
10047,15
10048,16
10049,17
10050,18
10051,19
10052,25
10053,25
10054,1
10055,2
10056,3
10057,4
10058,5
10059,6
10060,7
10061,8
10062,10
10064,11
10065,12
10066,13
10068,15
10070,25
10071,25
10072,1
10073,2
10074,3
10075,4
10076,5
10077,6
10078,7
10079,8
10082,11
10083,12
10084,13
10085,14
10086,15
10087,16
10088,17
10089,25
10090,1
10091,2
10092,3
10093,4
10094,5
10095,6
10096,7
10097,8
10099,10
10100,11
10101,12
10102,13
10104,15
10105,16
10106,17
10108,25
10109,25
10110,1
10111,2
10112,3
10114,5
10115,6
10117,8
10118,9
10119,10
10120,11
10121,12
10122,13
10123,14
10124,15
10126,17
10127,25
10128,25
10129,25
10130,1
10131,2
10132,3
10133,4
10134,5
10135,6
10136,7
10137,8
10138,9
10139,10
10140,11
10141,12
10142,13
10144,15
10146,17
10147,25
10148,25
10149,25
10150,1
10151,2
10152,3
10153,4
10154,5
10155,6
10156,7
10157,8
10158,9
10159,10
10160,11
10161,12
10162,13
10163,14
10164,15
10165,16
10166,17
10167,25
10168,25
10170,1
10171,2
10173,4
10174,5
10175,6
10177,8
10180,11
10181,12
10182,13
10183,14
10184,15
10185,16
10186,17
10187,18
10188,25
10191,2
10192,3
10193,4
10194,5
10195,6
10196,7
10198,9
10199,10
10200,11
10201,12
10202,13
10203,14
10205,16
10206,17
10207,25
10208,25
10209,25
10210,1
10211,2
10212,3
10213,4
10214,5
10215,6
10216,7
10217,8
10218,9
10221,25
10222,25
10223,25
10225,25
10227,25
10228,1
10229,2
10230,3
10231,4
10233,6
10234,7
10236,9
10237,10
10239,12
10245,25
10246,25
10247,25
10248,1
10249,2
10251,4
10252,5
10253,6
10254,7
10255,8
10256,9
10257,10
10258,11
10259,12
10260,13
10261,14
10265,25
10267,25
10268,1
10269,2
10270,3
10271,4
10272,5
10273,6
10274,7
10277,10
10278,11
10279,12
10280,13
10281,25
10283,25
10285,25
10286,25
10287,25
10288,1
10289,2
10290,3
10291,4
10292,5
10293,6
10294,7
10295,8
10297,10
10298,11
10300,13
10302,15
10303,16
10305,25
10306,25
10307,25
10308,1
10309,2
10310,3
10311,4
10312,5
10314,7
10315,8
10317,10
10318,11
10319,12
10320,13
10321,14
10322,15
10323,16
10324,25
10325,25
10326,25
10328,1
10329,2
10330,3
10331,4
10332,5
10333,6
10335,8
10336,9
10337,10
10338,11
10339,12
10340,13
10341,14
10342,15
10343,16
10344,17
10345,18
10346,25
10347,25
10348,1
10349,2
10352,5
10353,6
10354,7
10355,8
10356,9
10357,10
10358,11
10360,13
10361,14
10362,15
10363,25
10364,25
10365,25
10366,25
10367,25
10368,1
10369,2
10370,3
10371,4
10372,5
10373,6
10374,7
10376,9
10377,10
10379,12
10380,13
10381,14
10382,15
10383,16
10384,17
10385,18
10386,19
10387,25
10388,1
10391,4
10392,8
10394,7
10395,9
10398,12
10402,25
10403,25
10404,25
10406,25
10407,5
10409,2
10410,3
10411,4
10413,6
10414,7
10416,9
10417,10
10419,12
10420,25
10421,25
10423,25
10424,25
10425,25
10427,25
10428,1
10429,2
10430,3
10431,4
10432,5
10433,6
10435,8
10436,9
10437,10
10438,11
10439,12
10440,13
10441,14
10442,15
10443,16
10445,25
10447,25
10448,1
10449,2
10450,3
10451,4
10452,5
10453,6
10454,7
10455,8
10456,9
10457,10
10458,11
10460,13
10461,14
10462,15
10463,16
10465,18
10466,25
10467,25
10468,1
10469,2
10470,3
10471,4
10472,5
10473,6
10474,7
10475,8
10476,9
10477,10
10479,12
10480,13
10481,14
10483,16
10485,18
10486,19
10487,25
10489,2
10490,3
10492,5
10493,6
10494,7
10495,8
10496,9
10497,10
10498,11
10499,12
10500,13
10502,15
10503,16
10504,25
10505,25
10506,25
10507,25
10509,25
10510,1
10513,4
10514,5
10516,7
10519,10
10520,11
10521,12
10522,13
10524,15
10525,16
10526,17
10528,25
10530,25
10532,1
10533,2
10534,3
10535,4
10538,7
10539,8
10540,9
10541,10
10542,11
10543,12
10544,13
10545,14
10546,15
10547,16
10548,17
10549,18
10550,19
10552,21
10553,22
10554,1
10555,2
10556,3
10557,4
10558,5
10560,7
10561,8
10563,10
10564,11
10565,12
10566,13
10567,14
10568,15
10569,16
10570,17
10571,18
10572,25
10573,25
10574,25
10575,25
10576,1
10577,2
10578,3
10580,5
10581,6
10582,7
10583,8
10584,9
10585,10
10586,11
10587,12
10588,13
10590,15
10591,16
10593,25
10594,25
10595,25
10596,25
10597,25
10598,1
10599,2
10600,3
10602,5
10603,6
10604,7
10606,9
10609,12
10610,13
10612,15
10613,25
10614,25
10615,25
10616,25
10617,25
10619,25
10621,2
10622,3
10623,4
10624,5
10625,6
10626,7
10627,8
10628,9
10629,10
10630,11
10632,13
10633,14
10634,15
10635,16
10636,17
10637,18
10638,19
10640,25
10641,25
10642,1
10643,2
10644,3
10646,5
10647,6
10648,7
10649,8
10650,9
10651,10
10653,12
10654,13
10656,15
10657,16
10659,18
10660,25
10662,25
10663,25
10664,1
10665,2
10666,3
10668,5
10669,6
10670,7
10671,8
10673,10
10674,11
10675,12
10676,13
10677,14
10678,15
10679,16
10680,17
10682,19
10683,20
10684,25
10685,25
10687,2
10688,3
10689,4
10692,7
10693,8
10694,9
10696,11
10697,12
10698,13
10700,15
10701,16
10702,17
10703,25
10705,25
10706,25
10709,2
10710,3
10711,4
10712,5
10713,6
10715,8
10716,9
10717,10
10718,11
10719,12
10720,13
10722,15
10723,16
10724,17
10725,18
10726,19
10727,20
10728,21
10730,1
10732,3
10733,4
10734,5
10735,6
10736,7
10737,8
10738,9
10739,10
10740,11
10741,12
10742,13
10743,14
10744,15
10745,16
10746,17
10749,20
10751,25
10752,1
10753,2
10754,3
10756,5
10757,6
10759,8
10760,9
10761,10
10762,11
10763,12
10764,13
10765,14
10766,15
10767,16
10768,17
10770,25
10771,25
10772,25
10773,25
10774,1
10776,3
10778,5
10779,6
10780,7
10781,8
10782,9
10783,10
10784,11
10785,12
10786,13
10788,15
10789,16
10790,17
10791,18
10792,25
10794,25
10797,2
10798,3
10800,5
10801,6
10802,7
10803,8
10805,10
10806,11
10807,12
10808,13
10809,14
10810,15
10811,16
10812,17
10814,25
10816,25
10817,25
10818,1
10819,2
10820,3
10821,4
10822,5
10823,6
10824,7
10826,9
10827,10
10828,11
10829,12
10831,14
10832,15
10834,25
10835,25
10836,25
10837,25
10839,25
10840,1
10841,2
10842,3
10843,4
10844,5
10846,7
10847,8
10848,9
10849,10
10851,12
10852,13
10853,14
10854,15
10855,16
10856,17
10857,18
10858,19
10859,20
10861,22
10862,1
10864,3
10865,4
10866,5
10867,6
10869,8
10870,9
10872,11
10873,12
10875,14
10877,16
10878,17
10879,18
10880,25
10881,25
10882,25
10883,25
10884,1
10886,3
10887,4
10889,6
10891,8
10892,9
10893,10
10895,12
10896,13
10897,14
10898,15
10900,17
10901,18
10902,19
10904,21
10905,25
10906,1
10908,3
10909,4
10910,5
10912,7
10913,8
10915,10
10916,11
10917,12
10918,13
10919,14
10921,16
10922,25
10923,25
10924,25
10926,25
10927,25
10929,2
10930,3
10931,4
10932,5
10933,6
10934,7
10935,8
10936,9
10937,10
10938,11
10940,13
10941,14
10943,16
10944,17
10945,25
10946,25
10947,25
10948,25
10949,25
10950,1
10952,3
10954,5
10955,6
10956,7
10957,8
10958,9
10959,10
10960,11
10962,13
10963,25
10964,25
10967,25
10968,25
10969,25
10971,2
10972,3
10973,4
10976,7
10977,8
10978,9
10979,10
10981,12
10982,13
10983,14
10984,15
10985,25
10987,25
10989,25
10992,3
10993,4
10995,6
10997,8
10998,9
11000,11
11001,12
11003,14
11004,25
11006,25
11007,25
11008,25
11009,25
11011,2
11012,3
11013,4
11015,6
11019,10
11020,11
11021,12
11022,13
11023,14
11024,15
11025,16
11026,25
11027,25
11028,25
11030,1
11031,2
11032,3
11033,4
11035,6
11036,7
11038,9
11039,10
11040,11
11041,12
11043,14
11044,15
11045,16
11046,25
11047,25
11048,25
11049,25
11052,3
11054,5
11055,6
11056,7
11058,9
11059,10
11060,11
11062,13
11063,14
11064,15
11065,25
11066,25
11067,25
11068,25
11070,1
11071,2
11072,3
11073,4
11074,5
11075,6
11076,7
11077,8
11078,9
11080,11
11081,12
11082,13
11083,14
11084,15
11085,16
11086,25
11087,25
11088,25
11091,2
11092,3
11094,5
11096,7
11097,8
11098,9
11099,10
11100,11
11101,12
11102,13
11103,14
11104,25
11105,25
11106,25
11107,25
11108,25
11110,1
11111,2
11113,4
11114,5
11116,7
11118,9
11119,10
11121,12
11122,13
11123,14
11124,15
11125,16
11126,25
11128,25
11129,25
11130,1
11131,2
11132,3
11134,5
11135,6
11136,7
11137,8
11138,9
11139,10
11140,11
11142,13
11143,14
11144,15
11145,16
11146,17
11147,25
11148,25
11149,25
11150,1
11151,2
11152,3
11153,4
11154,5
11155,6
11156,7
11157,8
11158,9
11159,10
11162,13
11163,14
11164,15
11165,16
11166,17
11167,25
11168,25
11169,25
11170,1
11171,2
11172,3
11173,4
11174,5
11175,6
11176,7
11177,8
11178,9
11179,10
11180,11
11182,13
11183,14
11184,15
11185,16
11186,17
11187,25
11189,25
11191,2
11192,3
11194,5
11195,6
11196,7
11197,8
11198,9
11201,12
11202,13
11204,15
11205,16
11206,17
11207,18
11208,25
11209,25
11210,1
11211,2
11212,3
11213,4
11216,7
11217,8
11218,9
11219,10
11221,12
11222,25
11223,25
11224,25
11225,25
11226,25
11228,25
11231,2
11233,4
11236,7
11239,10
11240,11
11241,12
11243,14
11245,16
11246,17
11247,18
11248,25
11249,25
11250,1
11252,3
11255,6
11256,7
11257,8
11258,9
11260,11
11261,12
11262,13
11264,15
11265,25
11266,25
11267,25
11268,25
11269,25
11270,1
11271,2
11272,3
11275,6
11276,7
11277,8
11278,9
11279,10
11281,12
11282,13
11283,14
11284,15
11285,16
11286,25
11288,25
11289,25
11290,1
11291,2
11292,3
11293,4
11294,5
11295,6
11296,7
11297,8
11298,9
11299,10
11300,11
11302,13
11303,14
11304,15
11305,25
11306,25
11307,25
11309,25
11311,2
11313,4
11315,6
11316,7
11317,8
11318,9
11319,10
11320,11
11321,12
11322,13
11323,14
11324,15
11326,25
11327,25
11329,25
11330,1
11331,2
11332,3
11334,5
11335,6
11336,7
11337,8
11338,9
11339,10
11340,11
11341,12
11342,13
11343,14
11344,15
11345,16
11346,17
11347,18
11348,25
11350,1
11351,2
11352,3
11353,4
11354,5
11355,6
11356,7
11358,9
11359,10
11360,11
11361,12
11365,25
11366,25
11367,25
11370,1
11371,2
11374,5
11375,6
11376,7
11377,8
11378,9
11379,10
11380,11
11381,12
11382,13
11383,14
11384,15
11385,16
11386,17
11387,25
11388,25
11391,2
11396,7
11397,8
11398,9
11401,12
11402,13
11405,16
11406,17
11408,19
11410,1
11411,2
11412,3
11413,4
11414,5
11415,6
11416,7
11417,8
11418,9
11419,10
11421,12
11422,13
11423,25
11424,25
11426,25
11427,25
11428,25
11429,25
11430,1
11431,2
11432,3
11433,4
11435,6
11436,7
11438,9
11439,10
11441,12
11442,13
11443,14
11444,25
11445,25
11446,25
11447,25
11449,25
11450,1
11451,2
11452,3
11453,4
11454,5
11455,6
11456,7
11457,8
11458,9
11459,10
11461,12
11462,13
11463,14
11464,15
11465,16
11466,17
11468,25
11469,25
11470,1
11472,3
11473,4
11474,5
11475,6
11476,7
11477,8
11478,9
11479,10
11480,11
11481,12
11482,13
11484,15
11485,16
11486,17
11487,25
11488,25
11489,25
11490,1
11491,2
11492,3
11493,4
11495,6
11496,7
11497,8
11498,9
11500,11
11501,12
11502,13
11503,14
11504,15
11505,16
11506,17
11507,25
11508,25
11509,25
11510,1
11511,2
11513,4
11515,6
11516,7
11517,8
11518,9
11519,10
11520,11
11521,12
11522,13
11523,14
11524,15
11526,25
11527,25
11528,25
11529,25
11530,1
11531,2
11533,4
11534,5
11537,8
11538,9
11539,10
11540,11
11541,12
11542,13
11544,25
11545,25
11546,25
11547,25
11548,25
11549,25
11550,1
11552,3
11553,4
11554,5
11555,6
11556,7
11557,8
11558,9
11559,10
11561,12
11562,13
11563,14
11564,15
11565,16
11566,25
11567,25
11568,25
11570,1
11571,2
11574,5
11575,6
11576,7
11577,8
11578,9
11579,10
11580,11
11581,12
11582,13
11583,14
11584,15
11585,16
11586,17
11587,25
11588,25
11589,25
11590,1
11591,2
11592,3
11593,4
11596,7
11598,9
11599,10
11600,11
11601,12
11603,14
11604,15
11605,25
11606,25
11607,25
11608,25
11609,25
11610,1
11611,2
11612,3
11613,4
11614,5
11615,6
11616,7
11618,9
11619,10
11620,11
11621,12
11622,13
11623,14
11624,15
11625,16
11626,25
11627,25
11628,25
11629,25
11631,2
11632,3
11633,4
11635,6
11636,7
11637,8
11638,9
11639,10
11640,11
11641,12
11642,13
11644,15
11645,16
11649,25
11652,3
11655,6
11657,8
11658,9
11660,11
11661,12
11662,13
11663,14
11664,15
11665,16
11667,18
11668,25
11669,25
11670,1
11671,2
11672,3
11673,4
11674,5
11675,6
11676,7
11677,8
11678,9
11679,10
11680,11
11681,12
11682,13
11683,14
11684,15
11686,17
11687,25
11688,25
11690,1
11691,2
11692,3
11693,4
11694,5
11695,6
11696,7
11697,8
11699,10
11700,11
11701,12
11703,14
11704,25
11705,25
11706,25
11707,25
11708,25
11709,25
11711,2
11712,3
11713,4
11714,5
11715,6
11716,7
11717,8
11718,9
11719,10
11720,11
11721,12
11722,13
11723,14
11725,16
11726,25
11727,25
11728,25
11732,3
11733,4
11735,6
11737,8
11738,9
11739,10
11740,11
11741,12
11742,13
11744,15
11746,17
11747,18
11748,25
11749,25
11752,3
11753,4
11755,6
11756,7
11758,9
11760,11
11761,12
11762,13
11763,14
11765,25
11768,25
11769,25
11770,1
11771,2
11773,4
11774,5
11775,6
11777,8
11778,9
11780,11
11781,12
11782,13
11783,14
11784,15
11785,16
11786,17
11787,25
11788,25
11789,25
11790,1
11791,2
11792,3
11793,4
11794,5
11795,6
11796,7
11797,8
11798,9
11799,10
11800,11
11801,12
11802,13
11803,14
11804,15
11806,25
11807,25
11808,25
11809,25
11810,1
11811,2
11814,5
11815,6
11816,7
11817,8
11818,9
11819,10
11823,14
11824,15
11826,17
11827,18
11828,25
11829,25
11830,1
11831,2
11832,3
11836,7
11838,9
11839,10
11840,11
11841,12
11843,14
11844,15
11845,16
11846,25
11847,25
11849,25
11851,2
11852,3
11853,4
11854,5
11855,6
11856,7
11857,8
11858,9
11859,10
11861,12
11862,13
11863,14
11864,15
11865,16
11866,17
11867,18
11868,25
11869,25
11870,1
11871,2
11873,4
11875,6
11876,7
11878,9
11879,10
11880,11
11881,14
11882,12
11883,13
11885,16
11889,25
11890,1
11891,2
11892,3
11893,4
11894,5
11896,7
11897,8
11898,9
11900,11
11901,12
11903,14
11904,15
11905,16
11906,17
11908,25
11909,25
11910,1
11912,3
11913,4
11914,5
11915,6
11916,7
11917,8
11918,9
11920,11
11921,12
11922,13
11923,14
11924,15
11925,16
11926,17
11927,18
11928,19
11930,1
11931,2
11932,3
11933,4
11936,7
11937,8
11938,9
11939,10
11940,11
11941,12
11942,13
11943,14
11944,15
11946,17
11947,18
11948,19
11950,1
11951,2
11952,3
11953,4
11954,5
11956,7
11957,8
11958,9
11959,10
11962,13
11963,14
11964,15
11966,17
11968,25
11969,25
11970,1
11972,3
11973,4
11974,5
11976,7
11977,8
11978,9
11980,11
11981,12
11982,13
11983,14
11984,25
11985,25
11986,25
11987,25
11989,25
11990,1
11991,2
11992,3
11993,4
11995,6
11996,7
11997,8
11999,10
12000,11
12001,12
12002,13
12004,15
12005,16
12006,17
12008,19
12009,25
12010,1
12011,2
12012,3
12014,5
12016,7
12017,8
12018,9
12019,10
12020,11
12021,12
12024,15
12025,16
12026,17
12027,18
12028,25
12029,25
12030,1
12031,2
12032,3
12033,4
12034,5
12035,6
12038,9
12039,10
12040,11
12041,12
12042,13
12043,14
12044,15
12045,16
12046,17
12047,25
12048,25
12049,25
12050,1
12051,2
12053,4
12054,5
12055,6
12056,7
12058,9
12059,10
12060,11
12062,13
12063,14
12065,16
12066,17
12067,25
12068,25
12070,1
12071,2
12072,3
12073,4
12074,5
12075,6
12076,7
12077,8
12078,9
12079,10
12080,11
12081,12
12082,13
12083,14
12084,15
12087,25
12089,25
12090,1
12091,2
12092,3
12094,5
12095,6
12096,7
12097,8
12098,9
12100,11
12102,13
12103,14
12104,15
12105,16
12107,25
12108,25
12109,25
12110,1
12111,2
12112,3
12114,5
12117,8
12118,9
12120,11
12121,12
12122,13
12123,14
12124,15
12125,16
12126,17
12127,18
12128,25
12129,25
12132,3
12133,4
12134,5
12135,6
12136,7
12137,8
12140,11
12141,12
12142,13
12143,14
12145,16
12146,17
12147,18
12148,25
12150,1
12151,2
12152,3
12153,4
12154,5
12155,6
12156,7
12157,8
12158,9
12159,10
12161,12
12162,13
12163,14
12164,15
12165,16
12166,17
12167,18
12168,19
12169,25
12171,2
12173,4
12174,5
12176,7
12177,8
12178,9
12179,10
12180,11
12181,12
12182,13
12183,14
12184,15
12185,16
12186,17
12187,18
12188,19
12189,25
12190,1
12191,2
12192,3
12193,4
12194,5
12195,6
12197,8
12198,9
12199,10
12200,11
12201,12
12202,13
12203,25
12205,25
12206,25
12207,25
12208,25
12209,25
12210,1
12211,2
12213,4
12214,5
12216,7
12217,8
12218,9
12220,11
12221,12
12223,14
12224,15
12225,16
12226,17
12227,25
12228,25
12231,2
12232,3
12233,4
12234,5
12235,6
12236,7
12237,8
12238,9
12239,10
12240,11
12242,13
12243,14
12245,16
12246,17
12247,18
12248,19
12250,1
12251,2
12252,3
12253,4
12254,5
12256,7
12257,8
12259,10
12260,11
12261,12
12262,13
12264,15
12265,16
12266,17
12267,25
12268,25
12269,25
12270,1
12271,2
12272,3
12274,5
12275,6
12276,7
12277,8
12278,9
12279,10
12280,11
12281,12
12282,13
12284,15
12285,16
12286,17
12287,18
12288,19
12289,25
12290,1
12291,2
12292,3
12293,4
12294,5
12295,6
12296,7
12297,8
12298,9
12299,10
12300,11
12301,12
12302,13
12303,14
12304,15
12305,16
12306,17
12307,18
12308,19
12309,25
12310,1
12311,2
12312,3
12313,4
12315,6
12316,7
12317,8
12318,9
12319,10
12320,11
12321,12
12322,13
12323,14
12324,15
12328,25
12329,25
12330,1
12331,2
12332,3
12333,4
12334,5
12336,7
12337,8
12338,9
12339,10
12341,12
12342,13
12343,14
12344,15
12345,16
12346,25
12347,25
12348,25
12349,25
12350,1
12351,2
12352,3
12353,4
12354,5
12355,6
12356,7
12357,8
12358,9
12359,10
12360,11
12361,12
12362,25
12364,25
12366,25
12368,25
12369,25
12370,1
12371,2
12373,4
12375,6
12377,8
12378,9
12379,10
12380,11
12381,12
12382,13
12383,14
12384,15
12386,17
12388,25
12389,25
12392,3
12393,4
12394,5
12395,6
12396,7
12397,8
12398,9
12399,10
12400,11
12401,12
12402,13
12403,14
12404,15
12405,25
12406,25
12407,25
12408,25
12409,25
12410,1
12412,3
12413,4
12414,5
12416,7
12417,8
12418,9
12419,10
12420,11
12421,12
12422,13
12424,15
12425,16
12428,19
12429,25
12430,1
12431,2
12432,3
12434,5
12435,6
12436,7
12437,8
12438,9
12439,10
12440,11
12441,12
12442,13
12443,14
12444,15
12446,25
12447,25
12448,25
12449,25
12450,1
12451,2
12452,3
12453,4
12454,5
12456,7
12457,8
12458,9
12459,10
12460,11
12462,13
12464,15
12465,16
12468,25
12469,25
12470,1
12471,2
12472,3
12473,4
12474,5
12478,9
12479,10
12480,11
12481,12
12482,13
12483,14
12485,16
12487,18
12489,25
12490,1
12491,2
12492,3
12494,5
12495,6
12496,7
12497,8
12498,9
12499,10
12500,11
12501,12
12502,13
12505,16
12506,17
12507,25
12508,25
12509,25
12510,1
12511,2
12512,3
12514,5
12515,6
12517,8
12518,9
12519,10
12520,11
12521,12
12522,13
12523,14
12524,15
12525,16
12526,17
12527,18
12528,19
12529,25
12530,1
12531,2
12532,3
12533,4
12534,5
12535,6
12536,7
12538,9
12539,10
12540,11
12543,14
12544,15
12545,16
12546,17
12547,25
12548,25
12549,25
12550,1
12552,3
12553,4
12554,5
12555,6
12556,7
12557,8
12558,9
12559,10
12560,11
12562,13
12563,14
12566,17
12567,18
12568,25
12569,25
12570,1
12572,3
12573,4
12574,5
12575,6
12576,7
12577,8
12578,9
12579,10
12580,11
12581,12
12582,13
12583,14
12584,15
12585,16
12587,18
12588,25
12589,25
12591,2
12593,4
12594,5
12595,6
12596,7
12597,8
12598,9
12600,11
12601,12
12602,13
12603,14
12604,15
12605,16
12606,17
12607,18
12608,19
12611,2
12612,3
12613,4
12614,5
12615,6
12616,7
12617,8
12619,10
12620,11
12621,12
12622,13
12623,14
12624,15
12626,17
12627,18
12629,25
12630,2
12631,1
12633,4
12635,6
12636,7
12637,8
12638,9
12639,10
12640,11
12641,12
12642,13
12643,14
12644,15
12645,16
12646,17
12648,25
12649,25
12650,1
12651,2
12653,4
12654,5
12657,8
12658,9
12660,11
12661,12
12662,13
12663,14
12664,15
12665,16
12666,25
12667,25
12668,25
12669,25
12670,1
12672,3
12673,4
12674,5
12675,6
12677,8
12679,10
12680,11
12682,13
12683,14
12684,15
12685,16
12686,17
12687,18
12688,25
12689,25
12690,1
12691,2
12692,3
12693,4
12694,5
12695,6
12697,8
12698,9
12699,10
12700,11
12701,12
12702,13
12703,14
12704,15
12705,16
12706,17
12707,18
12708,19
12709,20
12710,1
12711,2
12712,3
12715,6
12719,10
12720,11
12721,12
12722,13
12723,14
12724,15
12725,16
12727,18
12729,25
12730,1
12733,4
12734,5
12735,6
12736,7
12737,8
12738,9
12739,10
12740,11
12741,12
12742,13
12743,14
12744,15
12745,16
12746,17
12747,18
12748,25
12749,25
12750,1
12751,2
12752,3
12753,4
12754,5
12755,6
12756,7
12757,8
12758,9
12759,10
12760,11
12761,12
12762,13
12763,25
12764,25
12765,25
12766,25
12767,25
12768,25
12769,25
12771,2
12773,4
12774,5
12775,6
12776,7
12777,8
12779,10
12780,11
12781,12
12782,13
12783,14
12784,15
12785,16
12786,17
12787,18
12789,20
12790,1
12791,2
12792,3
12793,4
12794,5
12796,7
12797,8
12798,9
12799,10
12801,12
12802,13
12803,14
12804,15
12805,16
12806,17
12807,18
12808,25
12809,25
12810,1
12811,2
12813,4
12814,5
12816,7
12817,8
12818,9
12819,10
12820,11
12821,12
12822,13
12825,25
12826,25
12827,25
12829,25
12830,1
12831,2
12832,3
12833,4
12834,5
12835,6
12836,7
12838,9
12839,10
12840,11
12841,12
12843,14
12844,15
12845,16
12846,17
12847,18
12849,25
12850,1
12851,2
12852,3
12853,4
12855,6
12857,8
12858,9
12859,10
12860,11
12861,12
12862,13
12863,14
12864,15
12865,16
12867,18
12868,19
12870,1
12872,3
12873,4
12874,5
12875,6
12876,7
12877,8
12878,9
12879,10
12880,11
12881,12
12883,14
12885,16
12886,17
12887,25
12889,25
12892,3
12893,4
12896,7
12897,8
12898,9
12900,11
12901,12
12902,13
12903,14
12904,15
12905,16
12906,17
12907,18
12909,25
12910,1
12911,2
12912,3
12913,4
12914,5
12915,6
12916,7
12918,9
12919,10
12920,11
12921,12
12922,13
12923,14
12924,15
12926,17
12927,18
12928,25
12931,2
12932,3
12933,4
12940,11
12941,12
12942,13
12946,25
12947,25
12948,25
12949,25
12952,3
12953,4
12954,5
12955,6
12956,7
12958,9
12959,10
12961,12
12962,13
12963,14
12964,15
12965,25
12966,25
12967,25
12968,25
12969,25
12971,2
12972,3
12973,4
12974,5
12975,6
12976,7
12979,10
12980,11
12983,14
12984,15
12985,16
12986,17
12987,18
12988,19
12989,25
12990,1
12993,4
12994,5
12995,6
12996,7
12997,8
12998,9
13000,11
13001,12
13002,13
13003,14
13004,25
13005,25
13006,25
13008,25
13009,25
13010,1
13011,2
13012,3
13013,4
13014,5
13015,6
13016,7
13017,8
13018,9
13020,11
13022,13
13023,14
13024,15
13025,16
13026,17
13027,25
13028,25
13030,1
13031,2
13032,3
13033,4
13034,5
13037,8
13038,9
13039,10
13040,11
13041,12
13042,13
13043,14
13044,15
13045,16
13048,25
13050,1
13051,2
13052,3
13054,5
13055,6
13056,7
13057,8
13058,9
13060,11
13062,13
13063,14
13065,16
13066,17
13069,25
13070,1
13071,2
13072,3
13073,4
13075,6
13076,7
13079,10
13080,11
13084,15
13085,16
13087,18
13088,25
13089,25
13090,1
13091,2
13093,4
13094,5
13095,6
13096,7
13097,8
13098,9
13100,11
13101,12
13102,13
13104,15
13105,16
13106,17
13109,25
13111,2
13112,3
13113,4
13114,5
13115,6
13116,7
13117,8
13118,9
13119,10
13120,11
13121,12
13122,13
13123,14
13124,15
13126,25
13127,25
13129,25
13130,1
13133,4
13134,5
13136,7
13137,8
13139,10
13140,11
13141,12
13142,13
13143,14
13144,15
13145,16
13147,25
13148,25
13149,25
13150,1
13151,2
13152,3
13153,4
13154,5
13156,7
13157,8
13158,9
13159,10
13160,11
13161,12
13162,13
13164,25
13165,25
13167,25
13168,25
13169,25
13170,1
13171,2
13172,3
13173,4
13175,6
13176,7
13177,8
13178,9
13179,10
13180,11
13181,12
13182,13
13183,14
13185,16
13186,17
13188,25
13189,25
13190,1
13191,2
13192,3
13193,4
13194,5
13195,6
13196,7
13197,8
13198,9
13200,11
13201,12
13202,13
13203,14
13204,15
13205,16
13206,25
13207,25
13209,25
13211,2
13212,3
13213,4
13214,5
13215,6
13216,7
13217,8
13218,9
13219,10
13220,11
13221,12
13222,13
13223,14
13224,15
13226,17
13227,18
13228,19
13229,20
13231,2
13233,4
13234,5
13235,6
13236,7
13237,8
13238,9
13239,10
13240,11
13241,12
13243,14
13244,15
13245,16
13246,17
13247,18
13248,25
13249,25
13250,1
13252,3
13253,4
13254,5
13255,6
13256,7
13257,8
13258,9
13259,10
13260,11
13261,12
13262,13
13263,14
13264,15
13265,16
13267,18
13268,25
13269,25
13270,1
13271,2
13272,3
13273,4
13274,5
13275,6
13278,9
13279,10
13282,13
13283,14
13284,15
13285,16
13286,25
13287,25
13289,25
13290,1
13292,3
13293,4
13294,5
13295,6
13297,8
13298,9
13299,10
13300,11
13301,12
13302,13
13303,14
13304,25
13306,25
13307,25
13308,25
13309,25
13310,1
13311,2
13312,3
13314,5
13315,6
13317,8
13318,9
13319,10
13320,11
13321,12
13322,13
13323,14
13324,15
13326,17
13327,18
13328,25
13329,25
13330,1
13331,2
13332,3
13333,4
13334,5
13336,7
13337,8
13338,9
13340,11
13341,12
13342,13
13343,14
13344,15
13345,16
13346,17
13347,25
13348,25
13349,25
13350,1
13352,3
13353,4
13354,5
13355,6
13356,7
13357,8
13359,10
13360,11
13361,12
13363,14
13364,15
13366,17
13367,18
13368,19
13369,25
13370,1
13371,2
13372,3
13373,4
13376,7
13377,8
13378,9
13379,10
13380,11
13381,12
13384,15
13385,16
13386,17
13387,25
13388,25
13389,25
13390,1
13391,2
13393,4
13394,5
13395,6
13398,9
13399,10
13400,11
13401,12
13402,13
13403,14
13404,15
13405,16
13406,17
13407,18
13408,19
13409,25
13410,1
13411,2
13412,3
13413,4
13414,5
13415,6
13416,7
13417,8
13418,9
13419,10
13420,11
13421,12
13422,13
13423,14
13424,15
13425,16
13426,17
13427,25
13428,25
13430,1
13431,2
13432,3
13433,4
13434,5
13435,6
13436,7
13437,8
13438,9
13439,10
13440,11
13441,12
13442,13
13444,15
13445,16
13446,17
13447,18
13448,25
13449,25
13450,1
13451,2
13452,3
13454,5
13459,10
13462,13
13464,15
13465,16
13466,17
13467,25
13468,25
13469,25
13470,1
13471,2
13473,4
13474,5
13475,6
13477,8
13478,9
13479,10
13480,11
13481,12
13482,13
13483,14
13484,15
13485,16
13486,17
13487,18
13488,25
13489,25
13491,2
13494,5
13496,7
13497,8
13498,9
13499,10
13500,11
13502,13
13503,14
13504,15
13505,16
13506,17
13507,18
13508,19
13509,20
13511,2
13512,3
13513,4
13514,5
13515,6
13517,8
13519,10
13521,12
13522,13
13524,15
13525,16
13526,17
13527,18
13528,25
13529,25
13530,1
13531,2
13532,3
13533,4
13536,7
13537,8
13538,9
13539,10
13540,11
13542,13
13543,14
13544,15
13545,16
13546,17
13547,18
13549,20
13550,1
13552,3
13554,5
13556,7
13557,8
13558,9
13559,10
13560,11
13561,12
13562,13
13563,14
13564,15
13566,17
13567,18
13568,25
13570,1
13571,2
13573,4
13574,5
13575,6
13576,7
13577,8
13578,9
13579,10
13580,11
13581,12
13582,13
13583,14
13585,16
13586,17
13587,18
13588,19
13589,25
13590,1
13592,3
13593,4
13594,5
13596,7
13597,8
13598,9
13599,10
13600,11
13601,12
13602,13
13603,14
13604,15
13607,18
13608,25
13609,25
13611,2
13613,4
13614,5
13616,7
13617,8
13618,9
13619,10
13620,11
13621,12
13623,14
13624,15
13625,16
13626,17
13627,25
13628,25
13629,25
13631,2
13632,3
13633,4
13634,5
13635,6
13638,9
13641,12
13642,13
13643,14
13644,15
13645,16
13646,17
13647,18
13648,25
13649,25
